MedInc,HouseAge,AveRooms,AveBedrms,Population,AveOccup,Latitude,Longitude,MidianHouseValue
-0.6914779861467335,0.2633674787805251,-0.6223836504028547,-0.12858255698486176,-0.7559800862447451,-0.08985177771249439,-0.1629905971967832,-0.538728557546331,1.659
0.41899480598328825,-1.3266155843165037,0.5646168813635397,0.05815400923034173,0.873129920016728,0.009335772149752595,-0.44516963321699365,0.7283080461168527,1.315
0.3699586266765173,-0.05462913383888071,0.3197172926556332,-0.1473578012536799,-0.7938864005099513,0.0017831993506282518,1.294934422240968,-1.3800809267772156,2.875
-0.8111577307221899,-0.13412828699373217,-0.6524056668050003,0.1104879868607973,-0.21926113653512178,-0.04313592787429067,1.0174583701544269,-1.3350084784255591,1.25
0.6192302419119,0.5813640913999308,0.21245885981343673,-0.20747791636171772,-0.5526644006404576,-0.05604438936845381,-0.8543292354462967,0.7283080461168527,2.492
0.13374584421908742,0.2633674787805251,-0.31148725427542767,-0.4132440284448916,-0.08572752946450923,0.13506590689994882,-0.7461606049718843,0.8034287933696135,1.633
-0.10278160890769047,-1.008618971697098,-0.005754124561692979,-0.17626539316854828,0.23303011322017878,0.029716659815262114,-1.0565575445941136,1.169016429999704,1.712
0.9897549550694804,-0.2136274401485836,0.7311535980135216,-0.28796291954863407,-0.524234664941553,-0.008741220164895527,1.1021120809604896,-1.199791133370597,2.402
-0.3065833124222493,1.5353539292581482,-0.15848830945955442,-0.015054431624893509,-0.7396114505393152,-0.10930181845484527,1.0738941773584676,-1.4902580227479267,4.6
-0.6548188531676609,0.18386832562567362,-0.7289867478054891,-0.2850347817343031,-0.5035584935241678,0.29590545316654115,-0.8072993961095977,0.6782275479483504,0.892
1.6999142106769531,-1.0881181248519494,0.4408789613190242,-0.3970365809150515,-1.0445849789457464,-0.018529427949299758,1.2855284543736263,-1.2198233326380021,3.152
-0.666723893491337,0.3428666319353765,-0.3339517113331954,0.07263684053521961,-0.22787620795903227,-0.013771641421919422,-0.7461606049718843,0.6231389999629948,1.615
-1.1319644781227445,1.6148530824129996,-0.13670220104212197,-0.1078288769773318,-0.5474953577861114,-0.016045988613665626,1.0033494183534157,-1.309968229341308,0.914
-0.15711474448182405,0.2633674787805251,-0.5235446642271153,0.10217278481051502,0.056421149030013794,-0.0679209146045383,-0.8214083479106054,0.6331550995966939,2.423
0.07600377639368101,1.7738513887227025,0.0388757353242948,-0.24533687864556553,-0.28473567935684146,-0.07240714620366855,0.9986464344197465,-1.4501936242131233,3.57
-1.043122459143418,0.3428666319353765,-0.740585359262765,0.02081298381073148,-0.7413344648240973,-0.007087949101487435,-1.17883512686954,1.2491452270693106,1.143
0.6063287444686215,-0.8496206653873951,0.07091221681704396,-0.24452378398350785,0.01420729905285241,0.019879470291049275,-1.3199246448796438,1.3442981735894695,1.544
1.578031771416059,-1.6446121969359095,3.735675578223448,2.8957705034700583,-0.700843629131718,-0.01532628287508033,-0.8684381872473077,1.5896926146151427,2.592
1.0091072012343987,-0.05462913383888071,0.2588540615379298,-0.29057606641451716,-0.20289250082969187,-0.020538849144561482,0.8058240931392715,-1.2248313824548482,3.447
-0.25193550617876753,0.7403623977096337,0.10803942179111682,0.19338630748575483,-0.01336092950366115,-0.018340315530572072,-0.7273486692372041,0.963686387508827,1.449
-0.40066984255738,-0.9291198185422466,-0.23289162423676305,-0.266444511424714,-0.6681063577208581,-0.004742848049958778,-1.3293306127469855,1.284201575787261,0.842
-0.68004495182708,1.5353539292581482,-0.7007975815098149,-0.13652338283193613,0.03746799189741072,0.052962963504862064,0.8105270770729407,-1.1597267348357936,1.775
-0.2410269229746944,1.5353539292581482,-0.1336500753775342,-0.3799221860692506,-0.3148884293405282,-0.031428480705284735,-0.7790814925075756,1.0938956827469433,1.179
0.1979386607661331,1.6148530824129996,-0.22861273884257033,-0.24953592675168285,-0.33211857218834917,-0.09650214682972236,1.0127553862207577,-1.4602097238468223,5.00001
-0.7063199527176601,-0.3726257464582865,-0.02305164809499607,-0.059920313138573045,0.6043396915907208,-0.03979182250430967,-0.7508635889055536,1.2391291274356115,0.96
0.49089705392936656,0.18386832562567362,0.04899248690274384,-0.2742661696408099,-0.4165462721426719,-0.12510227146418418,-1.3387365806143239,1.2591613267030097,2.208
-0.2634209856099791,-1.0881181248519494,-0.49619736271258646,-0.1175144762512661,0.5784944773189893,-0.023407950746670826,0.918695707547353,-1.2248313824548482,1.781
3.9644941277532895,-0.6111232059228408,0.6897079577201707,-0.21912619081881707,0.05814416331479589,-0.028911132950063114,-0.7367546371045426,0.5179699538091298,5.00001
-0.31507942049465243,1.853350541877554,-0.3264443442639008,0.08745977112552605,-0.2614749865122832,-0.08723302328081363,0.9986464344197465,-1.425153375128872,3.06
-0.6242957982408793,1.853350541877554,-0.6971862984374465,-0.0523391204096872,-0.7792407790893034,-0.2149122458043443,-0.7649725407065646,0.5480182527102341,5.00001
-0.4299866599183267,-0.6906223590776922,-0.37507319850445575,-0.044642140754602065,0.749934398654808,-0.0882931043381643,-0.7226456853035316,0.8334770922707178,1.854
5.840350877961405,-1.1676172780068008,1.1789049824151026,-0.13155948904424242,-0.3975931150100689,-0.004914414841838023,-0.8966560908493297,0.758356345017957,5.00001
0.5138680127917898,0.5813640913999308,0.009889554144671636,-0.17158730642740658,-0.14775604371666476,0.057953525691676264,-0.8355172997116164,0.8084368431864666,1.857
-0.7737643661813046,-1.008618971697098,-0.06859604890938563,0.14463614839961805,-0.03317559377865527,-0.05786059222155923,1.7605298316743117,-0.8342034967405065,0.894
-0.5696479919973976,-0.7701215122325437,-0.3253273214998656,-0.28716890506122406,-0.3717479007383374,-0.046864308511171064,0.5565659446547523,-0.07798797439608167,0.797
-0.22550316995351324,-0.9291198185422466,-0.02906251374942246,-0.10731506288831381,4.79384892503839,-0.03921756063985951,-1.3387365806143239,1.3192579245052183,1.932
-0.35116165724658666,0.8993607040193365,-0.3970703924374101,-0.11772807079173932,-0.8860676647457935,0.05529457625701661,-0.7320516531708733,0.6732194981314973,1.438
-0.3656889531481647,0.5813640913999308,-0.31929291111906694,-0.6668987622168406,-0.5854016720513174,0.08523307503271632,-0.7414576210382151,0.8034287933696135,1.58
0.9034827465564984,0.5018649382450794,-0.030014974399097352,-0.12577101003989102,-0.7835483148012586,-0.012291786892644069,-0.8308143157779472,0.8234609926370117,1.825
0.07133616146501527,-0.3726257464582865,0.22430634178068232,0.057205857855559324,-1.1023059574859466,-0.06512700115124369,1.6241432975978773,-1.6755558659713985,1.663
0.16500313070768188,0.5813640913999308,-0.26098998451343486,-0.4623120553763854,-0.6982591077045449,-0.00968742335043668,-0.8025964121759251,0.7232999963000069,2.015
1.345123030986786,-0.2136274401485836,0.6641167942602477,-0.21845891432749037,0.43979182739403044,0.004977165603882805,-0.8637352033136384,0.7533482952011111,3.207
0.02219509193512805,-0.05462913383888071,-0.5088593914507734,-0.06848094651752056,0.08140485615935421,-0.152220645023381,1.0315673219554378,-1.3400165282424124,2.25
0.5498978044321658,0.7403623977096337,0.43331986983019066,-0.15227528952342007,-0.682751979141506,-0.1075734289410508,-1.3622515002826767,1.164008380182851,3.836
-0.9808701117240199,0.3428666319353765,-0.6222027709343301,-0.14918982255410657,0.17186310611041433,0.05010935337184251,-0.7367546371045426,0.9085978395234714,1.036
-0.7640620205430665,0.3428666319353765,-0.4227825331636759,-0.041722294896705765,0.3932704417049138,0.16563949753272364,-0.7790814925075756,0.7132838966663007,1.705
0.6112061398435193,-0.13412828699373217,0.4035835780899994,-0.1989340451477766,-0.21495360082316656,-0.030412062902049206,-0.5580412476250785,-0.11304432311403194,2.802
-0.8563654168852236,1.853350541877554,-1.0247322809351809,-0.23926336432081463,-0.5767866006274069,-0.03795495291553368,-0.7179427013698623,0.6281470497798479,2.063
-0.17174693060651822,-0.5316240527679894,-0.022920765101069426,-0.05730226466205879,1.4270790125741724,1.2859747854624153,1.0597852255574598,-0.7991471480225563,1.118
-1.1535194189731006,-0.6906223590776922,0.0992785380283054,0.1615208131621856,-0.3398721364698686,0.1204360296584844,0.3402286837059244,0.07726156992628577,0.48
-0.24826434836970437,1.2173573166387424,-0.46938361424627306,-0.6303816672442392,-1.0385544289490092,-0.14319622786557842,-0.6803188299005019,0.5930907010618905,2.238
-0.21123809960972548,0.5813640913999308,-0.2506379994717003,-0.05408723295051774,-0.6095238720382669,-0.021490365036637548,-0.6615068941658215,0.5680504519776394,1.788
0.4728559355533996,-0.29312659330343505,0.16800282441762618,-0.1761527162194571,-0.29335075078075196,0.013562472754795434,-0.9154680265840099,0.8084368431864666,2.307
0.3624065306121589,0.8198615508644851,-0.21111349286903702,-0.24932088116134257,-0.47685177211004537,-0.0459507286648174,-0.6473979423648105,1.0137668856773365,1.531
0.17842907926654106,1.853350541877554,-0.6225746790463774,0.1561711567127861,-0.2356297722405517,-0.2185480979130791,1.0174583701544269,-1.4301614249457253,5.00001
-0.18228839802968516,0.2633674787805251,-0.37961442903948,-0.055083243155930585,0.6749832772667868,0.0734489986060277,-0.67091286203316,0.5830746014281915,2.172
-0.9939289445019729,-0.05462913383888071,-0.8444041061916385,-0.11916785621270462,-0.23046072938620543,-0.088489211935915,-0.7743785085739064,0.7683724446516561,1.656
-0.246690995022963,-1.0881181248519494,0.043286308219531534,0.017537219479287502,1.2565005983807447,0.11369755692869112,-0.7320516531708733,0.978710536959379,1.27
0.5957872770454545,-0.05462913383888071,0.0036895839029814086,-0.31590314694475574,0.6362154558591896,-0.020752579980402027,-0.6473979423648105,0.5430102028933881,2.58
-0.6579655598611436,-0.6906223590776922,0.5544127318340436,0.5722890922059388,-0.6706908791480313,-0.029000527928765615,1.1303299845625117,-0.4085192623082147,1.391
0.7881559462403595,-0.13412828699373217,0.514271917605281,-0.15068663705862168,0.3165963060321105,0.02466560982926347,-0.8025964121759251,0.7984207435527604,2.198
0.10857219067122631,-2.121607115865018,0.34462418881070245,0.30039566047118377,-0.0495442294840852,0.015932856669173722,-0.506308424354707,0.7833965941022083,1.374
-0.24553720256868616,0.6608632445547823,0.23889048135823093,-0.00782669298113096,-0.12191082944493328,-0.00778339286159592,-0.7273486692372041,0.9686944373256801,1.304
-0.8800706073094594,0.7403623977096337,-0.38353661887016,-0.11232887546311884,-0.8929597218849219,0.07090478073586515,-0.8167053639769362,0.7082758468494547,1.438
0.020779073923060904,-1.4061147374713552,0.2938581694175937,0.11162974676805239,-0.3131654150557461,-0.03462020154115107,1.4266179723837298,-0.6939781018686912,1.808
-0.6661469972641985,0.978859857174188,-0.47521322416483686,0.11335748927321083,-0.5104505506632963,0.0033540101706600917,-0.7696755246402338,0.5530263025270872,2.85
-0.4433077182540698,-1.008618971697098,0.1495795213493742,0.1998139090166373,-0.5543874149252397,-0.12664105368013856,-0.10185180605907322,-0.648905653517042,2.781
0.4792542391634809,-1.8036105032456125,0.7780305946797765,0.11605845382241414,0.731842748664596,-0.02350570369139051,-0.5298233440230564,0.6581953486809451,3.404
-0.41671804669414153,1.2173573166387424,-0.015816441801989108,-0.1721644594490442,-0.5337112435078546,-0.06117379548651686,1.0927061130931512,-1.3850889765940688,1.353
-0.37203481164668817,0.42236578509022793,-0.3041051218552175,0.21609569385052912,0.16927858468324117,-0.13559242863455248,0.6365166715271425,-1.189775033736898,2.612
1.4456078647319983,-1.008618971697098,0.5248994710622691,-0.2906186771596123,0.8946675985765041,0.02331326977831453,0.9986464344197465,-1.1847669839200448,2.961
0.17376146433787484,-1.883109656400464,0.2964470543946993,-0.07577200034170684,4.531950753751512,0.05741727999872762,-0.8167053639769362,1.1740244798165498,1.366
0.8487824952014584,-1.0881181248519494,0.4531559324184366,-0.13506386552255234,0.8481462128873876,0.07309692528099196,-0.7649725407065646,0.9286300387908767,1.797
0.2511180038859901,-0.6906223590776922,0.14980920470327597,-0.1617761823216343,1.3417898054774584,0.06762138931956824,-1.1412112554001763,1.1489842307322986,1.521
0.6725144752548728,0.5018649382450794,0.3348167987562162,-0.054733121921426764,-0.5449108363589382,0.01637001130474247,-0.67091286203316,0.49793775454173167,2.202
0.14098326961409738,0.42236578509022793,-0.053687091373124655,-0.12114796199766276,0.3725942702875287,0.14101369209631684,-0.7649725407065646,0.8134448930033126,1.763
3.2361888635467335,-0.05462913383888071,1.0902810485171635,-0.05468603771661049,0.22441504179626828,-0.011242213679066745,0.8152300610066099,-1.2498716315390994,5.00001
-1.0782606838873074,-0.2136274401485836,-0.6037354640371198,-0.07575519580229055,-0.7689026933806109,-0.23168940656300027,-0.8778441551146494,0.7433321955674049,0.585
0.7611991588995253,-0.8496206653873951,0.013016525687292564,-0.29565232300565825,-0.684474993426288,-0.06600921050954595,-0.4545756010843354,-0.2682938674363994,2.894
-0.3531545714857923,-1.4061147374713552,0.1821305867861496,0.0057238007761744696,0.5052663702157502,-0.02582338206406887,-1.131805287532838,1.3392901237726165,2.345
-0.8808048388712723,0.8198615508644851,0.9865877082729486,0.8058619220290171,-0.9946175646870656,-0.001907283787420764,1.7276089441386204,-1.1947830835537439,1.125
-0.1690197848055,-0.29312659330343505,0.6915157423196643,0.4459479215162231,-0.48029780067960953,-0.06818532692669153,1.5677074903938366,-0.20318921981734483,1.148
-0.04336129751242685,-1.0881181248519494,0.0784473185527766,-0.18499881652356778,1.2427164841024878,-0.03842047361067639,1.4454299081184134,-0.8542356960079118,1.432
-0.5583722930124181,0.6608632445547823,-0.4037250974883069,-0.40089450205535204,0.17961667039193377,0.11229989851214991,0.8669628842769814,-1.2899360300739098,1.455
1.9722092298863174,-0.6111232059228408,0.49854449517173005,-0.22625742508335092,0.08829691329848259,-0.05909907236175168,0.43428836237932567,-1.0645737883156348,3.366
0.04028865542265319,1.3763556229484453,-0.29349170002436675,-0.394575459371698,-0.876591086179492,-0.03958584805358438,0.6882494947975174,-1.2598877311728056,2.226
-0.9556964581761589,-0.9291198185422466,-0.06621282161250841,-0.03026110646809,-0.03317559377865527,-0.07848684180595947,1.2055777275012327,-0.54874465718003,0.926
-1.2493890829012049,-1.8036105032456125,-0.39503842142950274,0.08265587785061021,-0.024560522354744783,0.03799248322343513,0.5377540089200721,-0.1330765223814372,0.72
1.0418329508466182,-0.5316240527679894,1.0591492329920644,0.23227201169457953,-0.27353608650575784,-0.07152451935498672,0.45310029811400926,-1.189775033736898,4.171
-1.2313479645252376,-0.05462913383888071,-0.611889035657628,-0.08842858967228324,0.7215046629559034,0.22550931814038075,-0.8072993961095977,0.6782275479483504,1.032
0.6914471605273268,0.2633674787805251,0.08693586541428555,0.2197707208409279,-0.9101898647327429,-0.16917958492045906,-0.8966560908493297,0.7533482952011111,5.00001
0.8890078957664781,0.5813640913999308,-0.0058098392152631856,-0.23469778101820657,-0.560417964921977,0.0523352364720687,-0.8214083479106054,0.6581953486809451,1.365
-0.02699842270631709,0.02487001931597073,-0.3165976958933428,0.07492068607300732,0.07192827759305268,-0.12252867891764044,-0.6379919744974687,0.17241451644644465,2.445
-0.8792314855245309,-0.7701215122325437,-0.49418425525064347,-0.0012797754889037176,0.3734557774299197,0.1449460363202579,-1.1365082714665071,1.169016429999704,1.217
-0.5207691480253006,0.18386832562567362,-0.7536376116843206,-0.1307197097068235,0.8369466200363039,0.14125056526320878,-0.6615068941658215,0.5580343523439403,1.844
-0.9513435139168414,-1.4061147374713552,-0.7462182134749549,-0.07703973479525644,-0.03576011520582842,0.002094999393100711,-1.352845532415335,1.2341210776187586,1.0
-1.2679022072811943,-0.9291198185422466,0.0023686876898550446,0.969409217583427,-1.1160900717642035,-0.10696806154465566,0.9516165950830442,-0.443575611026165,0.792
-0.6388755392540156,0.978859857174188,-0.2875358197357423,0.041463410649466605,-0.8266236719208111,0.10351059863213037,-0.7978934282422558,0.6531872988640991,0.913
-0.9547000010565561,1.3763556229484453,-0.6291127230447149,-0.12322407927797592,0.12448021327890664,0.07186490168692171,-0.7743785085739064,1.1089198321974953,0.823
0.3429493942241248,-0.9291198185422466,0.13989410980787303,0.38940362134739914,-1.0394159360914001,0.9014777124002553,0.8528539324759704,-1.199791133370597,1.125
0.5914343327861368,-0.2136274401485836,-0.015198511242568994,-0.2434313442727452,0.8800219771558564,0.011735574346185341,-0.8543292354462967,0.8635253911718221,2.481
1.1940286645880616,1.853350541877554,0.5993515849337452,-0.10290460968292033,-0.24338333652207114,-0.07157469126135002,1.0174583701544269,-1.4602097238468223,5.00001
1.8423551336686006,-1.008618971697098,0.908744593530274,0.04051347529491431,-0.17101673656122307,0.06229809821469753,-0.9013590747829989,0.8835575904392202,3.024
0.3702732973458658,-0.8496206653873951,0.5491814906195553,0.44713311073470074,0.2829975274788596,-0.050434449807761975,-1.2823007734102831,1.5295960168129412,1.899
-1.4159023120979946,-1.1676172780068008,-1.2408856346929453,0.04645558584607044,0.7111665772472108,-0.014294861042742819,-0.7367546371045426,0.6481792490472461,4.0
-0.68969485235376,-0.8496206653873951,2.606767423674127,2.3633182401789816,-0.8740065647523187,-0.14891297984286547,-0.8684381872473077,1.5245879669960882,2.205
-0.615589909722244,-0.9291198185422466,0.24557271129402858,0.20870092678214155,-0.3881165364437673,-0.02508766995135433,0.5518629607210798,0.16740646662959865,0.944
1.291576572086023,0.5813640913999308,-0.07185167079725269,-0.09536978447137139,-0.2890432150687967,-0.12542728566021893,-0.7837844764412448,0.5630424021607863,5.00001
-0.3663707395984193,0.42236578509022793,-0.6388278216714006,-0.039175364134791155,-0.42860737213614664,0.018365292518483484,-0.7414576210382151,0.6782275479483504,1.55
1.1581562082823595,0.42236578509022793,0.2892351192417758,-0.28623857907382927,-0.15723262228296628,-0.051271013397135655,-0.7837844764412448,0.7283080461168527,2.972
0.014695440982327782,0.3428666319353765,-0.33153535026494213,0.04793691897112385,0.592278591597246,-0.07230209462976334,-0.6756158459668326,0.5530263025270872,2.929
-0.6140165563755027,0.18386832562567362,-0.23148761496679363,-0.4549618110173646,-0.20633852939925607,0.030713282836854258,0.5518629607210798,-0.06296382494552953,0.664
0.2614496908629244,-1.2471164311616523,0.6220701182080951,-0.17167788401684092,-0.6233079863165236,0.047702841969304216,0.613001751858793,-0.14810067183198933,1.118
-1.1027001058733559,-0.29312659330343505,-0.09289420520432472,0.23921406787336108,-0.6198619577469594,-0.07384809267345725,0.8951807878790035,-0.30835826597120275,0.713
-0.34513046941741143,1.4558547761032967,-0.3489563905542438,0.025564061976203062,-0.7421959719664883,-0.11420246126889573,0.9845374826187355,-1.4501936242131233,3.5
0.7003103843806361,0.5813640913999308,-0.0827653647356311,-0.45811441433851524,-0.8395462790566769,-0.04046924958669514,-0.8543292354462967,0.7383241457505589,2.46
-0.7474893652907246,0.42236578509022793,-1.079119961458348,-0.27616849601689647,1.3840036554546198,0.07644554562231361,-0.7743785085739064,0.6782275479483504,1.75
0.2844206497253477,-1.2471164311616523,4.279142587516359,5.052541375895086,-0.7396114505393152,-0.07487541456048379,-0.6379919744974687,1.3442981735894695,1.526
0.6918142763082328,-0.2136274401485836,-1.3711781856439837,-0.377543294073201,-0.9506807004251221,-0.20689723566403523,0.8199330449402792,-1.32499237879186,3.5
0.516490268369692,-1.883109656400464,0.21574093666455973,0.3211208905219504,2.4996554048510276,-0.11841745245874609,-0.9672008498543815,0.9236219889740236,1.944
0.005779772017460365,-0.6906223590776922,0.1661652505357757,-0.17946031050105246,0.2459527203560445,0.04739033329037159,1.3231523258429867,-1.5804029194512395,1.403
0.44679071510905194,0.5813640913999308,0.4573921845927869,-0.06209774099202367,-0.6698293720056403,0.017334802454243892,-0.7038337495688513,0.7833965941022083,3.659
-0.1865364520658866,1.137858163483891,-0.13708175635810707,-0.1904742878517678,-0.49322040781547527,0.010001558591766917,0.9939434504860774,-1.2899360300739098,1.22
0.36959151089561093,0.2633674787805251,-0.32312016085726764,-0.222190531740947,-0.07538944375581666,-0.11276456815600325,-0.8496262515126274,0.6031068006955896,3.812
-0.36705252604867394,-0.9291198185422466,0.06372787547753302,0.041228202395011224,0.02712990618871814,-0.05048491577585398,-0.13006970966109194,-0.45859976047671713,1.586
-0.80900748114831,0.5813640913999308,-0.6840011026865552,-0.34570909354273244,-0.034898608063437364,0.2287350981630804,-0.8120023800432669,0.6932516973989025,1.048
0.10710372754760125,0.5813640913999308,0.27940035076298225,-0.16020174071021878,-0.6758599220023775,-0.05513080671852979,0.961022562950386,-1.2849279802570568,1.962
0.26800532980768,0.7403623977096337,-0.009782505589453675,-0.2710105427288236,-0.5147580863752514,0.05676083054492913,-0.6803188299005019,0.7032677970326016,1.667
-1.004575302148256,-0.13412828699373217,-0.9437115555197478,-0.15160416491074002,1.8380179194947024,0.09238405801235897,-0.7790814925075756,0.6932516973989025,1.463
-0.7760195059783004,0.02487001931597073,-0.03893456503772561,0.23479356073817972,-0.3338415864731313,0.10076742283061553,-0.8496262515126274,0.8334770922707178,1.829
-0.478341052774843,1.137858163483891,-0.4972649559682665,-0.2403828943260519,-0.4225768221394093,0.3025443962755531,-0.6426949584311413,0.5730585017944854,1.409
-0.8062803353472917,1.137858163483891,-0.380879707210257,0.05098598483698908,0.05039059903327645,-0.17175103177432896,1.3889941009143694,-0.9493886425280706,1.375
-0.19949039462072354,-0.13412828699373217,-0.7527262990154181,-0.16284847824979634,0.9411889842656208,-0.17250023269533712,0.918695707547353,-1.3800809267772156,2.879
0.22159140607881123,0.7403623977096337,0.13366716536034687,-0.039518090965550215,-0.24510635080685325,-0.006403515005127331,-0.6756158459668326,0.532994103259682,2.211
-0.9372357789077274,0.42236578509022793,0.04130618615395229,0.3390438540095405,-0.648291693445864,0.2110302591036516,-0.7931904443085867,0.6682114483146513,0.883
-0.5186713435629788,0.42236578509022793,1.8599416814310554,2.1337452082652733,-0.417407779285063,-0.06478325200073357,-0.6521009262984797,1.1539922805491518,1.176
0.09692937590534068,0.3428666319353765,-0.21025218544416907,-0.04466976338948602,0.32607288459841205,-0.11686704435712517,-1.3763604520836845,1.2040727787176542,4.097
-0.3847265286437348,-1.008618971697098,-0.6577426398414016,0.14143330498203635,-0.16412467942209466,-0.1639491527704033,-1.3293306127469855,1.194056679083955,1.663
-0.9841217086406187,-0.9291198185422466,-0.14049153590442065,0.9893417191984113,-0.8386847719142858,-0.07883960313355078,-1.2023500465378896,1.6598053120510503,0.837
-0.8726758465797753,-0.29312659330343505,-0.3710828657581942,-0.1728408696904659,0.7292582272374228,0.0700006712437035,-1.3575485163490042,1.2341210776187586,0.987
1.142947125930527,-0.6906223590776922,0.4208385921588628,-0.19278689863263881,0.33296494173754043,-0.06205776836518436,1.149141920297192,-1.420145325312019,4.359
1.4164483827057257,0.2633674787805251,0.7770711998857318,-0.1688703708551485,-0.3381491221850865,-0.049213777489773625,-0.7508635889055536,1.2140888783513533,2.372
-0.5186713435629788,0.7403623977096337,0.0003619423096974104,-0.04371261165104999,-0.25027539366119955,-0.07243356422073256,-0.6897247977678436,1.1439761809154456,0.991
0.29207763601282194,0.3428666319353765,0.11459297563917681,-0.009188579709694904,-0.13914097229275427,-0.08036243255291876,0.4060704587773069,-1.084605987583033,2.746
-0.7199556817227514,0.02487001931597073,-0.684361101063444,0.07580327818108556,0.7568264557939364,-0.15902738909997505,1.0268643380217686,-1.3400165282424124,2.578
-0.8300379708830857,0.5813640913999308,-0.7521995529667418,-0.38110081892183856,0.05039059903327645,0.20630896868780402,-0.7555665728392228,0.6982597472157485,1.507
0.4525596773804364,1.5353539292581482,0.6238986041482673,0.15642052190521796,-0.4268843578513645,-0.06597140153704731,-0.6756158459668326,0.7232999963000069,3.039
0.11900876787127741,1.853350541877554,-0.02663426242277834,0.2168891363130935,-0.17790879370035145,0.008643345389992408,-0.6991307656351821,0.6882436475820494,2.042
0.19258925938721297,1.137858163483891,0.07444279483006817,-0.13491973245182248,-0.5371572720774187,-0.021471332861998503,-0.7085367335025239,0.7533482952011111,2.726
-0.12229119040728299,-0.6111232059228408,-0.16222875474136925,-0.21695206854946777,1.6958692410001794,0.008213732968903448,-0.7649725407065646,0.84850124172127,1.921
0.09755871724403714,0.5018649382450794,-0.1952387825739839,-0.18695358969913506,-0.02542202949713583,0.17575233259795178,-0.7085367335025239,0.8434931919044169,1.413
0.7436824916391384,0.18386832562567362,0.32307235031218284,-0.1728408696904659,-0.8645299861860173,-0.050812875132612616,-1.3340335966806547,1.2190969281682063,1.83
0.7530177214964704,0.10436917247082217,0.4914446889191357,-0.15714521300090678,0.09863499900717518,-0.025069767740419364,-0.8872501229819879,0.8885656402560733,2.472
-0.8731478525837977,1.4558547761032967,-0.28672193709814797,-0.12062295849985032,-0.7826868076588677,-0.04046924958669514,1.1021120809604896,-0.8342034967405065,0.672
2.7133111013130353,-0.6906223590776922,0.5713708411398601,-0.30290682638749566,-0.647430186303473,-0.08188706803618911,0.3308227158385826,0.1273420680947953,2.391
0.27991037013135617,1.6148530824129996,0.15276813420254312,-0.22983499925145567,-0.5431878220741561,-0.05004389448596661,1.0033494183534157,-1.4602097238468223,3.536
-1.1341671728081824,0.6608632445547823,-1.0034493518432386,-0.08639546046068954,0.35277960601253455,0.07981470316167,-0.7461606049718843,0.6181309501461417,1.232
-0.26037916913961245,0.3428666319353765,-0.2349302691294588,-0.2488136248035999,0.2588753274919102,-0.08615671274208417,-1.3387365806143239,1.279193525970415,1.582
-1.5441830549689697,1.853350541877554,-1.5595158819094408,0.014518377840505615,-0.789578864797996,-0.2186828716764051,1.3889941009143694,-0.9594047421617697,1.375
0.34997703917290257,-0.29312659330343505,0.5513536531206252,0.16586047192220468,-0.15637111514057522,-0.0632749094549321,1.2432015989705965,-1.425153375128872,3.084
-0.30390861173278905,1.2968564697935938,-0.3516100163222276,-0.12353916349594475,-0.8826216361762292,-0.1297656622892858,1.3231523258429867,-1.5653787700006874,1.783
0.6459248036949445,-0.6111232059228408,0.15445992688196333,-0.1231754118111877,0.7240891843830766,0.07174525216380477,-0.9060620587166681,0.8535092915381159,2.46
0.41506142261643525,-1.4061147374713552,0.22168572762512323,-0.19206998090416508,0.23044559179300564,-0.01968958122194136,-0.4733875368190157,-0.25326971798584724,2.723
-0.4005649523342639,-0.6111232059228408,-0.8074132446755691,-0.014303484719056354,0.9902948913819106,-0.16910535787792927,1.064488209491129,-1.2448635817222535,1.143
0.4919984012720857,1.2968564697935938,0.20220203107727164,-0.11857316223447976,-0.9351735718620833,-0.07789218699659138,0.9939434504860774,-0.9243483934438195,1.335
-0.5842277330105338,-1.883109656400464,-0.6181348891164343,0.17558100265058946,-0.7999169505066887,-0.13370431631074867,-0.9342799623186903,0.8284690424538648,2.25
1.2488338061662172,-1.008618971697098,0.49575981429855176,-0.3447111460379551,-0.43033038642092875,0.10654872522285158,-0.9013590747829989,0.8434931919044169,2.663
0.6568858320105758,0.8993607040193365,0.1296876117974727,0.05331843721895267,-0.8343772362023305,-0.08554132570235827,-0.7931904443085867,0.9085978395234714,1.842
-0.37444728677835815,1.6148530824129996,0.1629453892766456,-0.11150819777316859,-0.6207234648893505,-0.09276662034685389,0.5377540089200721,-0.11805237293088502,0.722
0.788732842467498,-0.8496206653873951,-0.3701287812674375,-0.3457374841454751,-0.7913018790827782,-0.15541250220300348,0.8105270770729407,-1.2248313824548482,2.284
-0.6199952990931198,0.6608632445547823,-0.7484319692677454,-0.2750718608118584,-0.4673751935437438,0.1223684348220571,-0.7743785085739064,0.6832355977652035,1.646
-0.16110057296023542,0.6608632445547823,-0.19991414995852588,0.017110472231920585,0.16669406325606803,-0.030600744851193996,-0.6426949584311413,0.638163149413547,1.845
3.1502837708146574,-0.3726257464582865,1.1882557870563355,-0.12752875098825456,0.4923437630798844,-0.032274767196459,1.036270305889107,-1.2298394322717012,5.00001
0.8338880835189738,1.853350541877554,-0.03445831408106973,-0.22521977165046675,-0.8137010647849454,-0.107513262683294,-1.3622515002826767,1.2241049779850595,2.409
-0.448447339186758,-0.3726257464582865,0.20701795642230095,0.8969440523111566,-0.7206582934067122,-0.12596428408117175,1.5347866028581454,-0.21821336926789697,1.008
-0.29908366146944904,-1.2471164311616523,0.566549719647525,0.831248661990382,-0.5095890435209052,-0.04250541771055376,1.238498615036924,-0.6789539524181463,1.142
1.1822809595990595,1.6148530824129996,0.17886970311256092,0.36312896012764695,-1.1539963860294096,0.08885305310826268,1.0315673219554378,-1.3600487275098176,0.75
-0.6727026362089538,0.10436917247082217,-0.7458911430312438,-0.00753957077145898,-0.3605483078872538,-0.17183580373835045,-1.3293306127469855,1.164008380182851,2.531
-0.34313755517820577,-1.0881181248519494,2.8010644074543096,3.0662189467674263,-1.110059521767466,-0.05555502961366402,-0.8496262515126274,2.3008356886079184,0.713
-0.16529618188487893,1.0583590103290395,-0.24292747473081916,-0.0034443562259380204,-0.32867254361878495,0.16636034172358,-0.8637352033136384,0.6581953486809451,2.056
0.6738256030438237,0.18386832562567362,0.3506215617416834,-0.26962543270359096,-0.3519332364633433,-0.07170240156845663,-1.3293306127469855,1.2541532768861636,1.81
-0.899580188809052,1.2173573166387424,-0.19347536399095178,-0.0341080331397316,-0.015083943788443247,-0.08041863002848305,0.9516165950830442,-0.7090022513192434,0.866
-0.4021383056810053,0.3428666319353765,-0.6614122717256441,-0.15448186590147445,-0.37777845073507477,0.18654888257672128,-0.7555665728392228,0.6982597472157485,1.25
0.24031431090503258,-1.0881181248519494,0.37676318051837876,0.04763016247897371,5.267677853353467,0.03909788048130807,-0.8072993961095977,1.073863483479538,1.38
0.0203595130305966,0.5018649382450794,0.11616139598171592,-0.06041536470892411,0.4725290988048903,0.07354141763241241,-0.4404666492833244,0.7082758468494547,1.268
0.2791236934579855,-1.4061147374713552,0.7572436579135604,-0.1580062412721497,0.5000973273614039,0.02096756939418957,1.468944827786763,-0.8191793472899545,2.644
3.67866826976195,1.853350541877554,1.2388558764138415,-0.29959497891833614,-0.8817601290338383,-0.06524387984329903,1.0174583701544269,-1.4351694747625712,5.00001
-0.8792314855245309,1.137858163483891,-0.6420473052784947,-0.2525977663474796,-0.2528599150883727,0.1033929905571089,-1.3763604520836845,1.2190969281682063,0.87
-1.0741699651857801,0.3428666319353765,0.10688826864410975,0.3104893467561156,-0.9291430218653459,0.06769734844172602,-0.4122487456813024,1.2190969281682063,1.0
-1.0759006538671956,-0.29312659330343505,-0.6611608946322005,-0.13033993163569205,-0.417407779285063,0.06956481770924959,0.5330510249863994,-0.4035112124913616,0.58
-0.7655829287782497,0.02487001931597073,-0.4446543557332779,-0.2231203636064078,-0.2631980007970653,-0.12884212147307453,0.9657255468840553,-1.2598877311728056,2.056
-0.7878196560788602,0.7403623977096337,-0.1409828248956561,-0.17936551564488698,-0.7301348719730136,0.004102373220258333,0.4766152177823587,0.09228571937683792,0.8
-1.033210333058948,-0.05462913383888071,0.11530762712933047,0.00784178627960205,-0.12277233658732434,0.04375303731871923,0.7682002216699076,-0.45859976047671713,0.83
1.4417793715882612,-0.9291198185422466,0.7780773896241406,-0.06872041994603195,0.590555577312464,-0.04296403037166391,1.0174583701544269,-1.199791133370597,3.125
-0.4246372585394061,-0.4521248996131379,-0.33844936275709775,0.1681291950576395,0.3725942702875287,0.13154275352898018,0.3308227158385826,-0.8291954469236607,0.924
-0.4809108632411872,0.02487001931597073,-0.01659607778452275,0.02045528036533308,0.10035801329195727,-0.09408595841800357,-0.10185180605907322,0.307631861501414,0.871
2.8362424428050907,0.8993607040193365,0.7837106623467041,-0.32491931961513526,-0.6078008577534848,-0.06620066871070941,-0.7461606049718843,0.5880826512450374,5.00001
-0.3638533742436333,-0.29312659330343505,-0.4461837431325128,-0.019452923370846614,0.9506655628319224,-0.12742494591966724,0.8058240931392715,-1.189775033736898,2.561
-0.44220637091135084,1.853350541877554,-0.12760357772121048,-0.394575459371698,-1.123843636045723,0.02755266846283566,1.7699357995416536,-0.9093242439932673,0.6
1.0852575032166785,-0.9291198185422466,0.6007454642667016,-0.3012446164289485,0.13395679184520817,0.04740052108987033,-0.7884874603749141,1.0137668856773365,2.294
-0.8942832325416895,0.42236578509022793,-0.2553021332336404,-0.15142276255602313,-0.31574993648291927,-0.003287916865020677,-0.12066374179375347,0.31263991131825997,0.613
-0.6123383128056452,0.02487001931597073,-0.14729967450063264,0.17842897474855932,-0.5518028934980665,0.2072856762408321,-0.7414576210382151,0.6932516973989025,1.222
1.0106281094695821,0.5813640913999308,-0.16948573191522434,-0.37639105930441147,-0.46995971497091693,0.06579286762081366,0.8293390128076209,-1.2148152828211491,2.394
-0.1448950334887999,-1.1676172780068008,0.043466829633081426,-0.08171483129868122,2.524639111980368,-0.08005953447395017,0.975131514751397,-0.7090022513192434,1.609
-0.8202307350217315,1.0583590103290395,-0.056300414406363755,0.07682575511241431,-0.593155236332837,-0.0979512734825593,-0.7837844764412448,0.6231389999629948,1.892
-0.7759670608667425,-1.2471164311616523,-0.03695433056101585,-0.16901127523510917,-0.31058089362857294,-0.13778815633317704,-1.131805287532838,1.1489842307322986,0.986
0.8681871864779347,-0.8496206653873951,0.8524688120492062,-0.07295234841745396,-0.3769169435926837,-0.04019610872269708,-0.4733875368190157,-0.25827776780270034,3.67
-0.17966614245178303,-1.0881181248519494,-0.9559787336016681,0.021179262610647575,0.018514834764807652,-0.19004060061620026,0.9422106272157058,-1.4301614249457253,1.442
-0.02699842270631709,0.8198615508644851,-0.3775835925523239,-0.16455381936904637,-0.2890432150687967,0.06268222033796862,-0.7320516531708733,0.7683724446516561,1.74
1.155166836923551,0.10436917247082217,0.41090052144384104,-0.19553315146318082,-0.5009739720969947,-0.07830098463003156,1.0409732898227797,-1.3149762791581612,3.115
1.199115840409192,-1.008618971697098,0.607780921563379,-0.12039952099225056,0.6207083272961507,0.043233394570312486,-0.8308143157779472,0.8985817398897724,2.66
-1.3755195761983006,0.5813640913999308,-1.3036566939618561,0.1543913737707255,0.06934375616587952,0.14692966230387378,-0.7226456853035316,0.6331550995966939,2.167
1.519450581805724,-0.05462913383888071,0.7488451433933574,-0.08038106539005394,-0.4975279435274305,-0.00404786637872745,-0.67091286203316,0.3627204094867695,3.237
-0.0859991732091164,0.02487001931597073,0.18430793032279738,-0.13991627165606313,-0.488051364961129,-0.05444873907835296,2.1461745142352653,-1.3350084784255591,0.705
-0.8610330318138897,-1.4856138906262066,0.20836843203937402,1.051274849216399,-0.8524688861925426,0.4143310997025426,-0.4733875368190157,0.25755136333290446,2.625
0.3865312819288592,0.42236578509022793,0.36029412389360643,-0.26041317116000107,-0.1718782437036141,-0.07087313684844043,0.8857748200116617,-0.6288734542496367,1.5
1.1202383926258936,0.8993607040193365,0.22742153262736378,-0.20043103923719408,-0.5810941363393622,-0.079136831725538,0.8951807878790035,-1.3650567773266635,3.842
-0.3583990826415966,0.978859857174188,-0.5561569585957469,-0.20752748749735223,-0.5380187792198098,-0.0509287237387269,-0.7085367335025239,0.6682114483146513,2.042
3.011514005632073,-0.8496206653873951,1.1590408830691232,-0.17888383446518477,-0.6233079863165236,-0.026916577286044262,-0.9248739944513518,0.8234609926370117,4.147
-0.7774355239903675,-1.008618971697098,0.25388799144673185,0.052130459319961304,0.07795882758979002,-0.115642030548437,1.1867657917665524,-0.443575611026165,1.16
-0.05752147763309855,1.0583590103290395,-0.4991893152400587,-0.19629316853156237,-0.7559800862447451,0.2020653007348394,-0.7555665728392228,0.6882436475820494,1.266
-0.6621611687857871,0.5813640913999308,-0.6530352403397492,-0.17846901823871775,-0.7792407790893034,-0.17594352417098796,-0.5627442315587478,-0.07297992457922858,3.206
-1.0420211118006992,0.42236578509022793,-1.1457871361643717,-0.039017822025806975,1.637286755317588,0.048288014963728906,-0.7273486692372041,0.638163149413547,2.475
-0.7890783387562533,-1.008618971697098,0.7886511204979881,0.7438589068407893,-0.6715523862904224,0.0060452388297922224,1.7370149120059624,-0.30835826597120275,1.557
1.2226636954987533,-1.1676172780068008,0.5068338751845781,-0.36132442902643896,1.1565657698633829,-0.043112484548685395,1.2620135347052768,-1.3800809267772156,2.589
1.6415428015128501,-0.13412828699373217,0.6981208892643912,-0.24101629333752297,0.4225616845462095,-0.07212832547226247,1.1115180488278313,-1.4602097238468223,4.208
-0.6060973445302381,-0.6111232059228408,-0.3741322038363447,-0.1562592694545757,0.1735861203951964,-0.08719079772904287,-0.13947567752843373,0.2725755127834566,0.847
0.4259175607089502,0.18386832562567362,0.09029793819336508,-0.16338266198909604,0.2795514989092954,-0.019945572108144488,1.149141920297192,-1.2849279802570568,1.431
-0.490193647986961,1.853350541877554,-0.5394248179331289,-0.005873043040321839,-0.30885787934379083,-0.13680001978406306,1.0127553862207577,-1.4451855743962703,3.5
0.36335054262020383,0.5813640913999308,0.1309728905378114,-0.09540816129391891,-0.05815930090799568,-0.001025867426294485,-0.67091286203316,0.5029458043585848,2.015
2.5467454270046885,1.2173573166387424,0.2970445273857099,-0.11292979008965154,-0.6525992291578193,-0.03458853059431328,-0.67091286203316,0.6982597472157485,4.159
-0.9796114290466269,-1.2471164311616523,-0.17260958266029916,-0.04900059084876165,4.077936489711429,-0.15086492161985823,-0.8919531069156604,1.294217675420967,0.978
-0.32493910146756455,-1.008618971697098,0.3034789171490952,0.23748498987819205,-0.05212875091125834,-0.028212053314782933,1.4454299081184134,-0.8742678952753099,1.184
-0.5585820734586502,-0.13412828699373217,0.20004583345407387,0.004945008441256452,0.13567980612999028,0.002645557533182842,1.3607761973123507,-1.20479918318745,1.267
-1.1378907757288037,0.18386832562567362,-0.6263395602662531,0.12693375589134787,2.155914055036999,0.07727273988029797,-0.7743785085739064,1.1139278820143483,0.859
-1.0127042944397526,1.853350541877554,-0.5636600303569912,-0.3571643862982886,-0.010776408076488003,0.05613561584526479,-0.7649725407065646,0.6331550995966939,1.2
5.840350877961405,1.853350541877554,1.5343197725879312,-0.07541825054586306,-0.13741795800797216,0.0007639982432726445,-0.7273486692372041,0.5880826512450374,5.00001
-0.44435662048523056,0.8198615508644851,-0.538487684487577,-0.15362467837231933,0.7413193272308976,0.2359001006804204,-0.7978934282422558,0.6782275479483504,1.3
0.6230062899440793,0.7403623977096337,0.040154749980167666,-0.2590829507507412,-0.5552489220676308,-0.06077574529298605,0.9798344986850663,-1.2548796813559524,2.27
1.4413073655842386,-1.9626088095553154,0.8627199375843871,0.2840748102773692,4.102058689698378,-0.03349369973734227,-0.6803188299005019,0.4128009076552719,3.576
-0.9900480062466777,1.853350541877554,-0.47589375039714077,0.1222778989465836,-0.25802895794271896,0.13338161154535433,-0.7367546371045426,0.9136058893403245,1.058
-0.510489906159924,1.137858163483891,0.048420778582585956,0.32225726489692097,-0.7680411862382198,-0.0977756217670639,0.23676303716518132,0.3777445589373216,0.657
0.3270060803104793,0.2633674787805251,-0.10638024349097741,0.02061517130400349,0.32607288459841205,-0.0701379503064006,-0.6426949584311413,0.6281470497798479,2.227
-0.3899185946879811,0.10436917247082217,-0.5202567986734176,-0.2772059896790355,-0.5793711220545802,-0.004632948839899628,0.6318136875934733,-1.2148152828211491,2.405
0.6181813396807393,-0.5316240527679894,0.39453608592151085,-0.19313639002026323,-0.1804933151275246,-0.009389577467251923,1.3748851491133582,-0.8892920447258621,1.269
-1.056233737032929,-1.1676172780068008,-0.3557667581003326,-0.1275511229380031,-0.30024280791988034,0.10468407113874552,0.2179511014305011,0.007148872490378126,0.523
-0.8214894176991244,0.2633674787805251,-0.8759812173852921,-0.14028719572956025,-0.12449535087210643,0.033878372705110835,-0.7978934282422558,0.6181309501461417,1.557
-0.6451165075294227,0.978859857174188,-0.6640234928108417,-0.46870906615408714,-0.4234383292818003,0.1379350520978772,-0.7978934282422558,0.6882436475820494,1.457
-1.0317418699353225,-1.0881181248519494,-0.006589973036501425,0.30706016805593517,-0.311442400770964,-0.07874114187220393,1.8216686228120251,-1.8858939582791214,0.966
0.5998255506354238,0.5018649382450794,-0.0315878951291322,-0.17059699144958934,-0.8447153219110232,-0.012141507091609135,-0.7978934282422558,0.7884046439190614,1.85
-0.9313619264132266,-0.3726257464582865,-0.13955746879425307,0.02831983720236669,-0.12277233658732434,-0.1976689006879866,-0.9013590747829989,1.189048629267102,0.833
-0.15040177020239448,0.5813640913999308,0.024728835322702983,-0.18095450988137599,-0.5828171506241443,-0.024815103645555697,-0.8072993961095977,0.7283080461168527,2.074
-0.49994843873675726,-0.05462913383888071,-0.5400576523000963,-0.2559474712044194,-0.7938864005099513,0.2101223186390656,-0.7320516531708733,0.7984207435527604,1.525
-0.5733191498064607,0.10436917247082217,-0.7267869641747685,0.04366618813380587,-0.057297793765604635,-0.08101849015589364,-0.685021813834171,0.5980987508787436,1.923
-0.44189170024200264,-0.7701215122325437,-0.5278507060321063,-0.11315332205176003,0.7533804272243722,-0.05476696647792681,-0.8167053639769362,0.84850124172127,2.184
-0.7942179596889416,-0.9291198185422466,-0.35167221148330685,-0.2979478925958796,1.5847348196317341,0.057028391565474484,1.6429552333325577,-0.984444991246028,0.65
-0.38393985197036407,-0.13412828699373217,0.020932346051941195,0.06628308370753445,-0.6896440362806344,0.014781462542533473,2.042708867694522,-1.2849279802570568,0.627
-0.8580961055666393,-1.2471164311616523,0.19357845829746814,0.2507078686791984,0.41308510597990794,-0.02882704428520675,0.5001301374507082,0.22750306443180016,0.905
-0.9328828346484098,-0.7701215122325437,-0.7327343445465732,-0.18205943865782429,-0.10468068659711231,-0.11914146816226344,-1.3481425484816658,1.2341210776187586,1.144
-0.350479870796332,0.02487001931597073,-0.43037867996962986,-0.12595691739477505,0.4759751273744545,0.07190329433682116,-0.8072993961095977,0.7533482952011111,1.592
-0.03790700591039019,0.5018649382450794,-0.17111521635810384,-0.2506527764305466,-0.8998517790240502,0.0017060494134329078,-0.8072993961095977,0.7283080461168527,1.839
0.33996002286531624,0.5813640913999308,0.38418171202128765,-0.08457065947950604,-0.21495360082316656,0.011094000327231457,-0.7978934282422558,1.073863483479538,1.133
1.2934121509905545,0.8198615508644851,0.8511907334157076,-0.0642371628320317,-0.1382794651503632,-0.06923280350478249,1.0315673219554378,-1.3149762791581612,3.628
1.9292566835202793,-0.7701215122325437,-0.005202339384071694,-0.139996065465669,1.2935454055035598,-0.15119312054753192,-0.7743785085739064,0.5730585017944854,3.517
-0.17877457555529624,0.6608632445547823,0.047585405694683724,-0.12385208960283191,0.07106677045066162,-0.09992069370616785,1.3654791812460199,-0.9644127919786228,1.143
0.8624706693181077,-1.008618971697098,0.014799785979914031,-0.19290203277115234,0.466498548808153,0.02576831437277743,-0.9389829462523595,0.958678337691981,2.233
-0.6114467459091585,-0.29312659330343505,-0.5951988049784722,0.003514319818746968,1.1143519198862215,-0.01064743288131981,-0.7226456853035316,0.7283080461168527,2.08
-0.638193752803761,-1.008618971697098,-0.5338862515534302,-0.2799112597509679,-0.25889046508511004,-0.00778339286159592,1.3889941009143694,-0.8642517956416109,0.907
-1.119587431795046,0.18386832562567362,-0.050871434896813325,-0.012638670594676165,-0.7111817148404106,-0.07451136592694371,2.7434534738113774,-1.6655397663376994,0.617
0.6010317882012588,-0.6906223590776922,4.878472166089744,7.391197088662163,-0.9368965861468653,-0.08660035234055857,0.9516165950830442,0.29260771205086183,1.955
-0.3315996306354362,0.978859857174188,-0.6292772927560648,-0.1098149418278957,-0.48288232210678267,0.046994485602601964,0.7964181252719297,-1.1597267348357936,1.848
-0.5022560236453112,1.4558547761032967,-0.2825719522510693,-0.07855483206901072,-0.9058823290207876,0.35226389044872786,-0.8731411711809769,0.6481792490472461,1.469
-0.5467819233580904,-1.1676172780068008,2.054314157887743,2.572553109664145,-0.311442400770964,-0.030037593185067706,-0.6285860066301303,1.4094028212085241,1.114
-0.8671691098661807,-0.7701215122325437,-0.2735653473304258,0.1141035599004383,-0.33901062932747755,0.008856679653000068,-0.8872501229819879,0.8384851420875638,1.804
-0.17447407640753668,1.5353539292581482,-0.0021169734755839076,-0.2516400468649013,-0.6215849720317416,-0.14575021351339598,1.3842911169807,-0.9393725428943717,1.479
-1.4193636894608253,1.2173573166387424,-0.8635379871307528,-0.2674214009928241,-0.8852061576034024,-0.15339811002554507,2.465977421724836,-2.261497694542911,0.875
2.0176791416071413,1.0583590103290395,0.06785886146795936,-0.205021489551254,-0.8042244862186438,-0.11284507519227197,-0.6991307656351821,0.5980987508787436,3.867
0.12551196170447462,0.42236578509022793,-0.21448114042181007,-0.09231380367123274,2.3049547906706507,-0.0877371483918328,0.946913611149375,-1.4301614249457253,3.01
-0.005548372079077039,0.2633674787805251,0.06997588039606938,-0.14909686107722825,-0.2321837436709875,-0.025906244115116297,1.0080524022870883,-0.6939781018686912,1.576
0.2709947011664885,-0.4521248996131379,-0.20245356067406486,-0.22506242531545054,0.6525840915646195,0.03573121334342167,0.8387449806749594,-1.1547186850189406,2.269
-0.8282548370901122,0.978859857174188,-0.7635139328647266,-0.013474517355470452,-0.560417964921977,0.0386276937437398,-0.7602695567728954,0.7333160959337058,1.9
0.8468944711853686,-0.05462913383888071,0.9488365259480229,0.016303432026915872,-0.930004529007737,-0.006646493497244649,-0.8449232675789582,1.0087588358604833,3.393
0.43986796038339,-1.1676172780068008,-0.19053918298865863,-0.13284581771187617,1.0962602698960096,-0.004114946540035935,0.7964181252719297,-1.1146542864841371,2.276
-0.7138196036704604,1.137858163483891,-0.6046208777673561,-0.13401108015196792,0.40447003455599745,0.10253966107464162,-0.7931904443085867,0.6882436475820494,1.597
0.3365510906140434,-1.4856138906262066,-0.7140871032161302,0.21361952780959062,0.09432746329521993,0.0733145346733201,-0.8496262515126274,0.8284690424538648,1.524
0.12981246085223444,0.5018649382450794,-0.2080094599523031,-0.22414621071884575,0.20115434895170997,0.05186829566171014,-0.8637352033136384,0.7984207435527604,1.797
2.081871958154187,0.6608632445547823,0.2847353072065877,-0.3801826574178887,-0.45014505069592287,-0.07387744568693466,1.0691911934247984,-1.3450245780592653,3.713
0.0016890533159329235,1.0583590103290395,-0.40589676650300793,-0.2537877930729715,-0.5595564577795861,0.04497272676488001,-0.8120023800432669,0.7533482952011111,1.627
-0.8756127728270259,-0.13412828699373217,-0.5655482206015431,-0.13894228055150684,0.2226920275114862,0.22904898615226588,-0.7414576210382151,0.9686944373256801,0.957
0.6860453140368483,-0.9291198185422466,0.8355416314348121,-0.13559976969157478,-0.007330379506923808,0.014445914620350744,1.4642418438530935,-0.7941390982057033,2.371
0.7649752069317044,-0.8496206653873951,0.057391066547904164,-0.4579400768276681,-0.20633852939925607,0.10018537257873182,0.9281016754146948,-1.2448635817222535,2.317
-0.34219354317016104,-0.6906223590776922,-0.06504919841028825,-0.011578620232162587,-0.22098415081990389,-0.04039234168851845,1.2432015989705965,-1.2248313824548482,0.991
-0.36883565984164746,0.3428666319353765,-0.003982587441392292,-0.008353185083823685,-0.8317927147751574,0.10966409232011652,-0.7931904443085867,0.7383241457505589,1.89
0.3715319800232587,-1.8036105032456125,2.5921250931501283,2.386277874048578,0.5000973273614039,-0.0436667790489331,-0.37462487421194185,0.212478914981248,1.684
1.2636233276255857,-1.1676172780068008,0.45261257893396395,-0.15281073460864897,5.991343852961948,0.009414546700788099,-0.7696755246402338,0.8735414908055211,2.67
-0.13262287738421757,-1.0881181248519494,-0.17111521635810384,-0.398292601564763,-0.5845401649089265,-0.06323663944348841,-1.277597789476614,1.2241049779850595,1.963
0.0451136056859934,0.8993607040193365,0.0371984913012727,-0.24323089997036562,-0.4251613435665824,-0.010707367265119167,-0.7555665728392228,0.7333160959337058,2.102
-0.4858931488392014,0.8198615508644851,-0.10460325178920837,-0.16327348630113456,-0.2778436222177131,-0.09448401281885066,1.3795881330470308,-0.979436941429175,0.866
-0.33222897197413265,0.5018649382450794,-0.07964188513281639,-0.34920629960786137,-0.5991857863295743,-0.03848828857305277,-0.7273486692372041,1.1189359318311944,0.937
-0.8867835815888893,0.02487001931597073,-0.13611672441103723,-0.2080321278160176,-0.4165462721426719,-0.01752824455603546,0.3120107801039023,0.22750306443180016,0.662
0.6733011519282435,-0.9291198185422466,-0.12947907938659356,-0.31679081718349283,-0.9205279504414354,0.13648521613194553,-1.4374992432213978,1.2441371772524576,1.389
-0.3065833124222493,-1.008618971697098,-0.007946571469753496,-0.009585732232855622,-0.1365564508655811,-0.08022231857668068,-1.3011127091449635,1.184040579450256,1.486
-0.3793771272648142,0.2633674787805251,-0.4092967341567699,-0.18759513757568302,0.8119629129069635,0.024096511231925515,-0.7649725407065646,0.7132838966663007,1.753
0.9480086462692774,-1.0881181248519494,0.34649766826498757,-0.17149999417426806,5.433087224692549,-0.0038897798347815936,-0.7743785085739064,0.8134448930033126,3.304
-0.041053712603872944,-1.883109656400464,-0.493501822527226,-0.06057718531326866,-0.48977437924591105,-0.1212895022850748,-0.9248739944513518,0.868533440988668,2.316
0.8623657790949919,1.853350541877554,0.4966401015864938,0.22153773022120368,-0.7051511648436732,-0.09940283974255586,1.1068150648941588,-1.4852499729310806,3.719
-0.9487737034504972,1.2173573166387424,-0.6147785317449995,0.20001978587606956,-0.15723262228296628,-0.08627992908944036,0.8105270770729407,-1.1597267348357936,1.938
1.20666793647355,0.5018649382450794,0.17122635429653482,-0.2785868557547724,-0.8111165433577723,-0.036336555058234334,0.7634972377362383,-1.1947830835537439,3.719
-0.9023597797216282,-0.6906223590776922,0.133142506788864,0.055470402214217236,-0.07280492232864351,0.12179268201290455,0.11448545488975469,0.13735816772849438,0.626
-0.8809621742059462,0.8993607040193365,-0.4427496024164057,-0.20579494570745716,-0.5862631791937085,0.0008252278396648,-0.7226456853035316,1.1389681310985997,0.752
-0.9705384247470854,0.5018649382450794,-0.6471393224795001,-0.08309368579987537,1.300437462642688,0.14351601192257443,-0.8072993961095977,0.6932516973989025,1.324
-0.14321678991894243,0.5018649382450794,-0.554657513401544,-0.2357684550632888,0.022822370476762895,0.046667399047510556,0.9704285308177245,-1.4501936242131233,2.561
1.7879171078713512,-1.9626088095553154,1.383046884617952,0.5467778942782076,3.6075535899659164,0.03268848162113306,-1.225864966206239,1.2140888783513533,4.504
1.9131035891604018,-1.4061147374713552,0.7698743298575835,-0.2764644134531768,-0.0064688723645327595,0.02913951936490506,-0.6615068941658215,0.3677284593036155,3.619
0.6656966107523271,1.137858163483891,-0.0358937701989833,-0.1973971458937369,-0.240798815094898,-0.10390306639311303,-0.7790814925075756,0.5930907010618905,3.459
-0.1736349546226078,0.18386832562567362,-0.372356545053736,-0.14658403454804825,0.0848508847289184,0.038869548014757144,-0.8402202836452856,0.8384851420875638,1.874
-0.17578520419648774,-1.008618971697098,2.7947201032709668,2.3187606093568376,-0.7490880291056168,-0.10209012701925924,-0.6473979423648105,1.3392901237726165,1.897
-1.3518143857740648,0.8993607040193365,-1.1563644818165189,0.06866813953187771,-0.1451715222894916,-0.19380979951786956,-0.8731411711809769,0.6882436475820494,1.313
-0.3919115089271868,0.8198615508644851,-0.3081305890870447,-0.07937080865926405,-0.30541185077422667,-0.02760354002468801,1.0127553862207577,-1.3149762791581612,1.216
-0.49134744044123807,-1.8036105032456125,-1.1821209376270985,-0.32059704121560684,1.491692048253501,0.25619777115033415,-0.8825471390483187,0.858517341354969,1.232
-0.672912416655186,1.853350541877554,-0.29174727333531747,-0.03491621101192566,-0.1770472865579604,0.046784592035208364,0.9986464344197465,-1.420145325312019,2.553
0.5063683618389898,-0.8496206653873951,0.12656764366131357,-0.09102534117926567,0.4880362273679292,0.01602611299566486,-1.2540828698082611,1.2641693765198627,1.658
-1.0712330389385296,1.853350541877554,0.12530782185573286,-0.06020475191222188,-0.007330379506923808,0.017246317243209783,-0.7602695567728954,0.6331550995966939,1.232
-0.7530485471158771,-0.8496206653873951,0.09034005320708745,-0.18874236903526195,-0.6620758077241208,-0.06183087248577576,0.3120107801039023,0.212478914981248,0.725
-0.7255673086594621,-1.4061147374713552,0.47084042090061407,0.41884148116911185,-0.07108190804386141,-0.033440766825348155,2.879840007887812,-2.3316103919788187,0.732
1.6743209962366277,0.2633674787805251,0.7193776631200687,-0.34647847887706074,-0.3950085935828957,-0.0049233803981497265,-0.8731411711809769,0.8785495406223742,3.246
-0.5919371644095662,-0.9291198185422466,-0.030991624525589612,-0.11643226391287011,-0.7775177648045214,-0.14675881330757334,-0.6379919744974687,0.5530263025270872,1.924
-0.7451293352706125,-0.3726257464582865,-0.8154221730967183,-0.09513900493037648,0.908451712854761,0.2740896501648315,-0.7837844764412448,0.7082758468494547,1.875
2.5389311053825394,1.5353539292581482,0.8084035089776256,-0.07195682781233854,-0.6250310006013057,-0.07198357022845746,0.8575569164096429,-1.2849279802570568,5.00001
0.31609749710640644,0.42236578509022793,0.1558517328599492,-0.13088012264612708,0.17186310611041433,0.024054327860656446,-0.8637352033136384,0.8134448930033126,1.906
-0.14526214926970604,-0.6906223590776922,0.24239436315346916,-0.04493212544596851,-0.3700248864535553,-0.04324530865101865,-0.13947567752843373,-0.6138493047990846,3.3
0.30078352453145746,1.6148530824129996,0.005778396026204853,-0.20397121750756797,-0.32178048647965657,-0.06040358689805197,0.9986464344197465,-1.4552016740299765,3.292
-1.1291848872101682,-1.4061147374713552,-0.350648908242899,0.09800452988331211,2.8907796474965637,-0.07427926813767066,-0.10655478999274244,0.28259161241715564,0.446
1.6093415030162113,-1.8036105032456125,0.7605416415433025,-0.0915483322432855,-0.09175807946124657,-0.030740482809845482,-1.22116198227257,1.164008380182851,3.246
0.1106699951335483,-0.05462913383888071,0.15724300978501157,-0.13795019429718874,2.0396105908142075,0.0005596852685586583,-0.5862591512270972,0.22750306443180016,2.379
-1.3345074989599102,-0.7701215122325437,-0.4752992247326557,-0.023159087997366365,0.04780607760610331,-0.02764633656377159,0.9986464344197465,-1.309968229341308,0.814
-0.5144757346383354,-0.05462913383888071,0.18143162746104347,-0.066458490931778,-0.16757070799165888,-0.0006460345692665805,1.0409732898227797,-0.6989861516855443,1.419
-0.6575984440802372,-0.13412828699373217,-0.6052251548117995,0.0013334243712509637,-0.05299025805364939,-0.17398828155753773,0.9798344986850663,-1.2849279802570568,1.817
-0.5095458941518793,1.853350541877554,-0.028091766351185272,-0.11396462256723394,-0.22098415081990389,-0.05186090352505548,0.49072416958336973,-1.0395335392313836,1.696
0.42612734115518236,1.2968564697935938,0.00761437048344061,-0.17735715004816305,-0.594878250617619,-0.07426310145501806,-0.8261113318442779,0.7232999963000069,1.984
-0.3843069677512702,1.6148530824129996,0.1636933658965762,0.138050446315963,-0.5897092077632727,-0.11422936874510489,1.356073213378678,-1.4552016740299765,2.476
-0.596394998892,0.10436917247082217,-0.4943461339950057,0.006669389579673397,0.6189853130113686,-0.11103026400149696,-0.8355172997116164,0.7132838966663007,2.181
1.4710437438376496,0.2633674787805251,0.6597609991148496,-0.12932359586659606,-0.6276155220284789,-0.008905654036706645,-0.6803188299005019,0.4728975054574805,4.33
0.11360692138079845,-0.7701215122325437,0.2081472877221261,-0.07855483206901072,0.1684170775408501,0.007553816832489104,-1.2823007734102831,1.3392901237726165,1.892
-0.26347343072153706,0.5018649382450794,0.18682390582780306,-0.21491358670690502,-0.6207234648893505,-0.03568910453203638,-0.6944277817015129,1.1539922805491518,0.953
-1.1428206162152594,-0.9291198185422466,1.3729668315302523,2.2524627936461443,-0.19341592226339033,-0.13787201128002088,-0.7978934282422558,1.5696604153477447,0.884
1.00370535474392,0.978859857174188,-0.06067443059586143,-0.11148730357455604,-0.05299025805364939,-0.14777317244236035,-0.7179427013698623,0.6531872988640991,4.127
0.1848798279881803,-1.0881181248519494,-0.1863752223255453,-0.10639743718267218,0.26145984891908336,-0.04289616153942765,-0.9201710105176791,0.7934126937359145,2.346
0.5540934133568094,0.18386832562567362,0.15906516725029868,-0.1552055990847733,-0.3881165364437673,-0.018352472281687886,0.7634972377362383,-1.1697428344694927,2.405
-0.7936935085733612,1.694352235567851,-0.2200523136587788,-0.15993021790130246,-0.3795014650198568,-0.08045467729258575,-0.3181890670078978,-0.42855146157561996,1.361
-0.14552437482749633,1.853350541877554,-0.6818518298752944,-0.03153457184904731,-1.0213242861011882,-0.1836107600724745,0.4672092499150169,-1.1697428344694927,2.9
0.718403947868161,0.7403623977096337,0.12994181137056196,-0.01992056757471601,-0.7197967862643211,-0.09145918607784995,-0.8025964121759251,0.5830746014281915,3.58
0.27235827406699775,-1.8036105032456125,0.8603484359846909,0.16186718268727668,-0.5819556434817533,-0.0030194623267636427,-0.9719038337880507,1.2391291274356115,3.076
-0.2206782196901733,0.8198615508644851,-0.028823367785434522,-0.14329080649306158,0.09605047758000204,0.005951270166324535,-0.7320516531708733,0.9737024871425332,1.067
3.7722303487815,-1.883109656400464,1.694808887187343,0.2003049634517282,0.37604029885709284,0.0386246343444909,-0.9530918980533705,0.9987427362267843,4.954
0.4359870221280945,-0.8496206653873951,0.6547195695484165,0.37597435005730345,-0.3433181650394328,-0.06847416880548385,1.4783507956541047,-1.6404995172534411,2.417
0.563009082321677,-1.4061147374713552,0.06025651460064531,0.03083463098615786,0.2597368346343013,0.017350278853082993,-1.108290367864485,1.2291130278019053,2.328
-0.06984607884923903,0.5018649382450794,0.10678947565015018,0.022496745028714644,-0.5871246863360996,-0.01400927033304337,-0.8120023800432669,0.7733804944685092,2.024
-0.800563818187465,0.10436917247082217,-0.8264852071544988,-0.1953044737611901,-0.5044200006665589,0.08593534677497176,-0.6285860066301303,0.5630424021607863,1.542
-0.7365807820866515,0.5813640913999308,-0.4352674540243998,-0.23921884918806544,0.06848224902348847,-0.04028998529021382,-0.5533382636914059,0.14737426736219342,1.976
-0.18359952581863623,0.18386832562567362,-0.3353389093404927,0.1519211064765606,0.4716675916624993,0.031352181411265376,-0.7978934282422558,0.6131229003292958,1.928
0.27529520031424787,0.978859857174188,0.12712732832750923,0.2261268696908408,-0.507004522093732,-0.13758621956846478,-0.6944277817015129,0.5880826512450374,3.804
-1.0893790475376128,-0.6906223590776922,-0.34675483755695435,-0.16574576652497186,1.050600391349284,0.1115489953004527,-0.017198095253007074,0.12233401827794223,0.541
2.4467850443750567,0.5018649382450794,1.1113989657259646,-0.09181193321436151,-0.6457071720186909,-0.04928924267124576,0.8152300610066099,-1.2648957809896515,5.00001
0.4093449054566083,-0.9291198185422466,0.24972799443156138,-0.2574745425362598,0.5672948844679057,-0.07291967397043712,-0.6944277817015129,1.1740244798165498,1.372
0.9891256137307839,-0.29312659330343505,6.428568358044807,7.455266361674649,-1.0876603360652988,-0.12679343529657255,1.6570641851335688,-0.2883260667038046,1.766
0.2375871651040146,0.02487001931597073,-0.00685878050383126,-0.19694739944042589,-0.40448517214919727,-0.0622009273012206,1.1068150648941588,-1.2198233326380021,1.94
0.9594941257004892,0.42236578509022793,0.38441022927576457,-0.19850003290789944,-0.16584769370687677,-0.001972573888244967,-0.8637352033136384,0.8134448930033126,2.183
-0.14777951462449235,-0.8496206653873951,0.009727381163702196,-0.18035873660373491,1.2358244269633594,-0.035563185321914145,-0.567447215492417,0.13735816772849438,2.199
0.21146949954810856,1.4558547761032967,-0.31166471576457694,-0.27822300850307025,-0.2640595079394563,0.06443678580719472,0.9845374826187355,-1.415137275495173,2.194
0.5481146706391924,0.5018649382450794,0.6975916957488333,0.05579864676538514,-0.6646603291512939,-0.013107785812290797,-0.6991307656351821,0.8635253911718221,2.75
0.6398411707542112,1.2173573166387424,0.10194722257872582,-0.30887103248213243,-0.539741793504592,-0.03088293825035861,-0.8261113318442779,0.7182919464831538,2.141
-0.092554812153872,0.42236578509022793,-0.40469028371706295,-0.08207007574372847,-0.4863283506763469,-0.1300614180202405,-0.6803188299005019,0.5630424021607863,2.464
0.09472668121990284,0.5813640913999308,0.12117766451393838,0.04051347529491431,-0.31058089362857294,0.0012593801805064436,1.3184493419093175,-1.650515616887147,1.722
0.33356171925523487,0.5018649382450794,0.01030689057204955,-0.0638342846933291,0.17875516324954271,0.004349993346963637,0.9798344986850663,-1.4301614249457253,2.669
0.3545922089900104,-0.05462913383888071,0.04799175793362313,-0.300280562495704,0.3321034345951494,-0.003403378560075086,1.1115180488278313,-1.2498716315390994,1.669
0.5583414673930113,-0.3726257464582865,0.14324993616051698,-0.5033647984409122,-0.8369617576295038,-0.04878576934515235,-1.3575485163490042,1.299225725237813,1.737
-0.19088939632520435,0.3428666319353765,-0.38040619820156113,-0.12628039619227366,-0.5018354792393858,0.1510698708223863,-0.8402202836452856,0.643171199230393,1.83
0.41700189174408253,0.02487001931597073,0.08470003198380131,0.3202656356801695,-0.699982121989327,-0.06041316216472179,-0.9248739944513518,0.7934126937359145,3.531
-0.7913859236648073,-1.2471164311616523,0.4991243246871384,0.7507216994261832,-0.15120207228622895,-0.05595202382490001,-0.9719038337880507,1.4294350204759292,1.229
0.597308185280638,-0.2136274401485836,0.12119558779581677,-0.24915378171807598,0.7887022200624052,-0.06218766652765512,1.1632508720982029,-1.4902580227479267,2.556
0.09362533387718416,0.18386832562567362,-0.28629240764958497,-0.11196056710173692,0.856761284311298,-0.065906922666313,-0.8590322193799692,0.6331550995966939,2.779
0.3991181087027898,-0.6111232059228408,0.4684960495639055,0.05018568514836914,-0.3803629721622479,-0.10960389462375605,-1.3387365806143239,1.2491452270693106,2.228
1.6404938992816895,-0.5316240527679894,0.44436218066400746,-0.26383860283855687,2.4927633477118993,0.0021806717241180727,0.904586755746342,-1.2298394322717012,2.848
-0.6021115160518268,-0.29312659330343505,0.10855104190273808,-0.23935288556204223,-0.522511650656771,-0.006341369770782695,0.34963465157326284,-0.1280684725645841,1.014
0.7777718141518671,-0.5316240527679894,0.5336688256239793,-0.12137783252479763,0.7551034415091543,0.038081477419329365,0.9845374826187355,-1.1747508842863459,2.195
-1.3053480169336378,0.5018649382450794,-0.5531326538820158,-0.14516591862638378,-0.33125706504595814,-0.0704642609639654,-0.1159607578600809,0.3026238116845609,0.575
0.5697745017126647,-1.883109656400464,0.08249213550348844,-0.1339047566666505,2.5289466476923232,0.008711835191787504,1.177359823899214,-1.309968229341308,2.148
0.19620797208471796,1.137858163483891,-0.24947467177941188,-0.2835454820169072,-0.61210839346544,0.013621504462805332,0.8105270770729407,-1.1547186850189406,1.935
0.411023149026466,0.5813640913999308,0.058307836868869325,-0.2761002073777551,-0.027145043781917927,-0.040533718732109564,-0.8308143157779472,0.8184529428201657,1.947
-0.5069236385739769,-0.2136274401485836,-0.5932120383395858,-0.01622319861367675,0.10294253471913042,-0.006254229973871994,-0.67091286203316,0.5480182527102341,1.899
-0.8382718533976985,-1.0881181248519494,-0.2695766389817178,0.07799438194659744,0.8248855200428292,-0.13257883553390606,-0.17239656506412498,-0.543736607363177,2.262
1.757289162721453,-0.7701215122325437,1.285446471073278,-0.18562949292453762,0.18995475610062634,0.07400324423028232,-0.9530918980533705,0.9486622380582748,3.039
-1.0926830895657695,0.2633674787805251,-0.49316921455735313,0.04665147804959525,2.027549490820733,0.016579421088646695,-0.8966560908493297,1.6748294615016026,0.769
-0.8313490986720368,1.4558547761032967,-0.6643309583635838,0.07327236511089893,0.06331320616914218,0.16641521928026232,-0.7461606049718843,0.6832355977652035,1.396
-0.6628954003475996,1.0583590103290395,-0.1758924585823325,-0.0636848491819406,-0.37777845073507477,-0.017094497447974307,-0.7461606049718843,0.6181309501461417,1.714
0.6362749031682646,-0.9291198185422466,-0.07292239645835841,-0.2416461173581008,1.0919527341840543,0.07195958199052281,0.7729032056035802,-1.1146542864841371,2.215
-0.3493260783420549,0.5018649382450794,-0.8573151568284562,-0.31934818618623484,0.6155392844418044,0.17332840341846203,-0.7696755246402338,0.6882436475820494,1.547
-0.4137811204468909,-0.29312659330343505,-0.4424018694063593,-0.2761243536368991,-0.5526644006404576,-0.11685663850778341,1.280825470439957,-1.4652177736636756,1.651
0.8316853888335359,-1.883109656400464,0.9353304707434185,-0.12947388030057583,2.9235169189074237,-0.001750352302980881,1.5018657153224542,-0.8342034967405065,2.173
-1.4161120925442265,0.5018649382450794,-0.34900810360286144,-0.23939789347890256,-0.6508762148730372,0.08395370778122402,-0.12066374179375347,0.2976157618677078,0.579
-1.1523656265188236,1.2173573166387424,-0.7722425401392503,-0.036217638088696935,0.01334579191046136,0.20773238502905833,-0.7743785085739064,0.6632033984977982,1.125
-0.4143580166740295,0.5813640913999308,-0.5015544386554665,-0.1144344327822038,-0.21581510796555758,-0.03337041196859481,-0.8214083479106054,0.643171199230393,2.186
-0.14552437482749633,1.853350541877554,0.0906938908769905,0.19813429141953207,0.07106677045066162,-0.01717660993987688,1.0127553862207577,-1.4552016740299765,3.114
1.4564115577129553,-2.121607115865018,0.0233043723817442,0.1230943432217737,-1.053200050369657,-0.175090659488375,1.0738941773584676,-1.4702258234805285,3.1
-0.40748770705992565,-0.7701215122325437,0.21402691837911508,0.0915844077031013,-0.11243425087863175,-0.01608456282352591,0.5236450571190611,-0.24826166816899417,0.882
0.13033691196781458,0.8198615508644851,-0.10446203742706626,0.07441450334881831,-0.45014505069592287,-0.024022226139033733,-0.623883022696461,0.5980987508787436,1.83
-0.3531545714857923,0.42236578509022793,0.2378801053922425,-0.11452000521784066,-0.49235890067308424,-0.0386709985694567,-0.10655478999274244,0.3026238116845609,0.762
-0.437486310871127,1.853350541877554,-0.09718983030664713,-0.09934876914247667,-0.30368883648944456,-0.08190098180739913,1.022161354088096,-1.32499237879186,1.996
1.2418586063289978,-1.4856138906262066,0.3986072878666622,-0.1757338855953293,1.33489774833833,-0.01792949377036936,-0.7602695567728954,0.7733804944685092,4.037
0.016688355221533464,0.3428666319353765,-0.002332166484347982,-0.27618076909029066,-0.772348721950175,-0.08128891397610477,1.6476582172662302,-1.8308054102937659,1.44
0.8696032044900018,-1.4061147374713552,0.36116214415637904,-0.20835787734931416,-0.4389454578448392,-0.04569125036526128,-0.4686845528853431,-0.2783099670700985,3.949
1.1865814587468193,-0.5316240527679894,0.5370760993132454,-0.049952417238023995,1.2211788055427117,-0.026066427408029686,0.9892404665524047,-1.1847669839200448,2.603
0.36272120128150737,0.42236578509022793,0.11467713741603731,-0.23669078339354654,0.7378732986613333,-0.033482346552091605,0.9139927236136838,-1.4552016740299765,2.49
0.6553649237753923,1.2173573166387424,-1.0231239586279233,-0.8767848145759048,-1.0264933289555345,-0.00268949311222982,-0.7743785085739064,0.6331550995966939,1.117
-0.648840110450044,0.3428666319353765,-0.7238920306233214,-0.007354849425806311,0.5474802201929115,-0.058922277560611906,-0.6991307656351821,0.6732194981314973,2.013
-0.12774548200931943,-0.8496206653873951,0.3048642741220002,-0.08967103489275234,-0.6233079863165236,-0.000961996675488237,0.5377540089200721,-0.17314092091624053,1.198
-1.013071410220659,0.5813640913999308,-0.7993416396714146,0.08583775835272218,0.20546188466366522,0.03423195989481903,-0.7414576210382151,0.638163149413547,1.611
-0.748118706629421,0.10436917247082217,-0.10462579057760861,-0.009924930230334743,0.40619304884077956,0.14628650447697755,-0.7226456853035316,0.9236219889740236,1.121
-1.0150118793483065,0.3428666319353765,-0.6087053952663631,-0.145884622131647,-0.09520410803081078,0.1355863462939795,-1.3716574681500153,1.2291130278019053,0.785
-0.5432681008837015,-1.1676172780068008,0.2748790796700538,0.5379552130312758,-0.5173426078024247,0.016447049189442897,-0.7508635889055536,1.1239439816480474,1.063
-0.13225576160331118,-0.3726257464582865,0.8499013950327226,0.341441938168486,-0.7421959719664883,-0.08079595593584354,1.3654791812460199,-1.415137275495173,2.484
0.09383511432341632,0.2633674787805251,-0.2261182693204676,-0.0755229942489708,-0.43463792213288394,-0.1388104280632952,-0.7555665728392228,0.5680504519776394,5.00001
1.1915112992332757,1.853350541877554,1.147362454406383,0.9312052561547063,4.52247417518521,29.69351648368374,1.440726924184741,-0.7891310483888573,2.25
5.840350877961405,1.2968564697935938,1.990480831638995,-0.009585732232855622,-0.48977437924591105,0.03260067722346874,-0.7226456853035316,0.5880826512450374,5.00001
-0.8731478525837977,1.2173573166387424,-0.9438819185493313,-0.5029714558794567,-0.9687723504153342,-0.0064759585925919785,-0.8261113318442779,0.8284690424538648,1.911
0.08706969493242858,-1.0881181248519494,0.25284825701752556,0.02160756775629629,-0.48977437924591105,-0.0852745812772806,1.4783507956541047,-0.5036722088283736,1.412
-0.9251209581378192,0.978859857174188,-0.7758020796157928,-0.13274765052408308,1.1419201484427353,0.030219780268543345,-0.6756158459668326,0.6031068006955896,1.716
1.1774560093357196,-1.2471164311616523,0.6874124292559619,-0.021133797558946944,0.13395679184520817,-0.007037707917297079,0.8434479646086319,-1.1246703861178362,3.294
-0.6432284835133331,-0.7701215122325437,-0.797309093133715,-0.030034539007674194,0.10380404186152148,-0.15200221590878218,-0.8025964121759251,0.6081148505124427,2.338
0.16311510669159204,-0.8496206653873951,0.11439442672609067,-0.19914255636622333,0.7818101629232768,-0.03818162734852096,1.3043403901083064,-0.8943000945427152,1.444
-0.6688216979536588,-1.2471164311616523,-0.045941184155079064,-0.14069919273532366,-0.7094587005556285,-0.02342255875877256,1.6241432975978773,-0.7640907993045989,1.444
0.0549732866589055,-0.6111232059228408,-0.2859462170403477,-0.06318772562622368,0.8903600628645489,0.058614124936608496,0.7776061895372494,-1.1497106352020945,2.496
-1.420360146580428,0.42236578509022793,-0.5070907679696152,0.05654134150742176,-0.09951164374276601,0.08794612484040411,-0.7790814925075756,0.6531872988640991,0.901
-1.105217471228142,-0.29312659330343505,0.6771278035202597,1.000218863896911,-1.0626766289359584,-0.13009175996196723,1.558301522526495,-1.53032242128273,0.49
-0.48542114283517895,0.7403623977096337,-0.4521037737123774,-0.1648216904719075,-0.12191082944493328,-0.17677622656796,-0.8731411711809769,0.7082758468494547,3.041
-0.33894194625356244,-0.05462913383888071,-0.6225303010340777,-0.05801448526149894,0.979956805673218,-0.17616904888294876,1.0268643380217686,-1.3400165282424124,2.734
-0.45657633147825494,-0.6906223590776922,0.31476474842053964,0.12444772832659313,-0.4492835435535318,-0.04508256870405148,1.5724104743275058,-1.6755558659713985,1.342
-0.8222760943724952,-1.4856138906262066,-0.44954499989589625,-0.3059750838109784,-0.6810289648567239,0.16863068316154234,1.1303299845625117,-0.879275945092163,1.267
-1.174235238038528,0.42236578509022793,-0.9850913369031234,-0.0991612856616775,-0.8128395576425543,0.07027238439237236,-0.7179427013698623,0.6331550995966939,0.675
-0.671653733977793,0.6608632445547823,-0.7321098792288044,-0.4349788713750819,-0.061605329477559874,0.2062418059685058,-0.7790814925075756,0.6682114483146513,1.125
-1.2251069962498304,1.137858163483891,-0.31137432423687783,-0.0662323688522746,-0.09434260088841973,-0.027593002998019676,-0.7837844764412448,0.6331550995966939,1.318
-0.6165339217302888,-0.3726257464582865,-0.7196601284478108,-0.11484385548070838,2.205019962153289,0.020157742725988918,-0.7273486692372041,0.7383241457505589,2.046
-0.5945594199874683,-0.5316240527679894,0.3877373923844961,0.11446651317854917,-0.346764193608997,0.051846210623382405,1.5912224100621861,-0.9944610908797271,0.991
0.9462779575878623,-0.3726257464582865,0.2639211853809834,-0.1986207208034802,0.4010240059864333,0.054463937225173925,0.8387449806749594,-1.1497106352020945,2.487
0.622272058382267,1.853350541877554,-0.3104361362243106,-0.24113642413726918,-0.6034933220415295,-0.11957289101016014,0.9986464344197465,-1.4351694747625712,3.804
0.8515096410024765,0.5018649382450794,0.2970788953011221,-0.22783387686938766,-0.30024280791988034,0.010513063381025199,-0.8590322193799692,0.7984207435527604,2.275
1.774596049535608,-1.008618971697098,0.49715787515946697,-0.11039331487361317,-0.5647255006339323,-0.08343367760899537,0.8998837718126728,-1.3450245780592653,3.76
0.14533621387341514,0.10436917247082217,-0.17956800237762974,-0.27576836210063405,0.5018203416461859,0.024110399484058232,-0.7132397174361931,0.84850124172127,1.827
1.1927699819106685,-0.4521248996131379,0.7157804103615779,-0.14161641897852031,-0.12191082944493328,0.02714805707362464,-0.623883022696461,0.4378411567395231,2.441
0.6748745052749849,-1.0881181248519494,-0.043458625842066216,-0.04018402012578298,1.6433173053143255,-0.1454763827572826,-0.8731411711809769,0.7333160959337058,3.673
1.0537904362818522,-0.9291198185422466,0.1719334734909273,-0.23213506154783084,-0.040929158060174706,0.06673358620080642,-0.8308143157779472,0.748340245384258,2.87
-0.2302232299937374,-0.05462913383888071,-0.0015846424872380718,-0.0671916025158529,-0.06763587947429722,0.13365722351246984,-0.8308143157779472,0.7533482952011111,1.897
0.02088396414617698,-0.6111232059228408,-0.7400819918284833,-0.2535056870761204,0.052113613318058555,-0.11803292991403512,0.8152300610066099,-1.2248313824548482,2.438
2.9383530750086018,0.2633674787805251,0.7649618731806702,-0.13098064114380728,0.11414212757021405,-0.014221516155933655,-0.685021813834171,0.7783885442853623,5.00001
-0.44419928515055657,-0.7701215122325437,1.0752394126968443,0.9594761876119596,-0.4673751935437438,-0.015192187052618407,1.5206776510571345,-0.22322141908474294,0.976
-0.6384559783615513,-1.1676172780068008,-0.21396241025141455,-0.16077463962117913,-0.29507376506553407,-0.1529017515154396,1.1350329684961808,-1.2899360300739098,1.685
1.2270690848696295,0.2633674787805251,-0.0322052726566939,-0.31295915143547937,-0.9575727575642505,-0.03670892978646251,-0.6379919744974687,0.6131229003292958,2.054
-1.0987667225065028,0.10436917247082217,-0.5910717951990613,-6.468061138036383e-05,1.3142215769209449,0.15834211917682442,-0.8590322193799692,0.6982597472157485,1.176
1.0551015640708032,-1.008618971697098,-0.12173214149124506,0.14914059234213342,1.3788346126002735,-0.19167791274098514,-0.7414576210382151,0.5830746014281915,5.00001
-1.1309680210031416,-1.565113043781058,-0.19640987504812799,0.21924159788417252,0.05039059903327645,-0.041375511787945574,0.24146602109885057,-0.3884870630408095,0.604
-0.16466684054618247,-0.9291198185422466,-0.254023628929338,-0.3228004290936285,-0.6190004506045684,-0.05381291394263452,0.6882494947975174,-0.03792357586127832,1.063
-0.7699883181491254,0.6608632445547823,-0.5186246327398296,-0.24734036372445306,-0.9575727575642505,-0.19975300992022746,0.9657255468840553,-1.2548796813559524,1.908
0.15876216243227428,1.853350541877554,-0.2642516990602146,-0.12945458758811465,-0.47685177211004537,-0.08594130921803154,1.0080524022870883,-1.3500326278761114,2.258
-0.5478308255892513,-0.3726257464582865,-0.266704847488529,-0.1687504666472014,-0.7042896577012822,-0.06879699208178115,0.5283480410527303,-0.13808457219828316,0.811
-0.8500720034982584,0.978859857174188,-0.25194855340739525,-0.17782856975517636,-0.7258273362610584,-0.08108723890616988,1.6476582172662302,-1.0245093897808315,0.634
0.8633097911030368,0.5018649382450794,0.28758724079574993,-0.2711886283034963,-0.44842203641114076,-0.024385732785455843,-0.6756158459668326,0.47790555527432643,2.674
0.03079609023064724,-0.3726257464582865,-0.15729193020169477,-0.17066778473274824,1.9836126265587894,-0.010707367265119167,-0.8402202836452856,0.6531872988640991,2.086
-0.580976136093935,0.02487001931597073,-0.3604272910331185,-0.12639461422128725,1.849217512345786,0.201810451293164,0.8105270770729407,-1.1396945355683885,1.601
-0.7918054845572716,1.137858163483891,-0.20273885372456021,-0.21491358670690502,-0.6181389434621773,-0.0694195798289259,1.3654791812460199,-0.9543966923449237,1.039
0.11580961606623674,-1.6446121969359095,0.37239482885923353,-0.011359671483014299,0.47511362023206344,-0.06080139668341043,1.6476582172662302,-0.7490666498540468,1.559
-1.2363302501232518,1.694352235567851,-0.35396634530348253,0.022290121589431933,-0.37777845073507477,-0.063084790140615,2.2496401607760084,-0.5337205077294779,0.593
1.2732207830407076,-1.1676172780068008,0.7587253859205212,-0.17789495105043607,0.12448021327890664,0.08988413129072918,-0.7461606049718843,1.184040579450256,2.247
-0.8610330318138897,-0.6906223590776922,-0.09564971809724178,-0.18853466095850294,-0.030591072351482125,0.14085943176921245,0.3402286837059244,0.08226961974313887,0.529
1.6917327732738983,1.853350541877554,0.5840378883512487,-0.33557758369464574,-0.7852713290860408,-0.06732990412316282,1.050379257690118,-1.3400165282424124,4.462
3.572938924860934,1.5353539292581482,1.1054056871171605,-0.1417838915628199,-0.452729572123096,-0.011666860987350286,-0.7085367335025239,0.7333160959337058,5.00001
0.7163585885173974,0.5813640913999308,0.07179729656238155,-0.23170017581952457,-0.33039555790356706,-0.05598677752689374,-0.8496262515126274,0.7433321955674049,2.398
-0.24826434836970437,1.0583590103290395,-0.003290344456949202,-0.13314865080779878,-0.736165421969751,-0.12453582573944111,1.3654791812460199,-0.9594047421617697,1.242
-0.2236675910489818,-0.05462913383888071,-0.22807030938516967,0.1543913737707255,-0.07883547232538085,0.14845089085585952,-0.6285860066301303,0.34268821021936424,1.941
1.593345743991008,0.3428666319353765,0.03848794039967385,-0.1535332608657477,-0.43722244356005713,-0.06754146886870252,-0.8261113318442779,0.5980987508787436,3.376
4.598398191155367,-1.883109656400464,0.8201846620314915,-0.46111689369199205,-1.0488925146577017,0.10359063746096438,-0.5580412476250785,0.13235011791164128,5.00001
-0.6963029364100736,-1.008618971697098,-0.05865682679289767,-0.07153636675676618,0.18650872753106215,0.23140017046795366,0.6788435269301756,-0.6388895538833358,0.863
-1.166053800635473,-0.5316240527679894,-1.4248255629446858,-0.14699543305584648,-0.6818904719991149,-0.08242236070894893,-0.7320516531708733,0.643171199230393,3.0
1.0429867433008948,-0.5316240527679894,0.3559305029629609,-0.2803891162472625,0.6706757415548316,0.04813331382208858,-0.8543292354462967,0.7683724446516561,2.41
-1.7453625029056263,1.853350541877554,-0.17111521635810384,-0.21491358670690502,-1.2168864074239563,-0.060080763621754664,-1.352845532415335,1.194056679083955,1.625
-1.4014799064195322,0.2633674787805251,-0.44838104700541936,-0.3954626784959688,-0.7215198005491031,-0.11528354386858895,-0.43106068141598264,0.7182919464831538,0.869
-0.6021115160518268,0.2633674787805251,-0.03777238474270538,-0.05277970161916471,0.12448021327890664,0.0171960423592116,0.5565659446547523,-0.06296382494552953,0.68
-1.4145911843090433,0.8993607040193365,-0.5717766852543851,0.6974869038848879,-0.539741793504592,0.0726741006155714,-0.7602695567728954,0.643171199230393,1.438
-1.1795846394174483,-1.008618971697098,-0.42642531619738555,0.005798159004496698,0.4561604630994604,-0.06501577108536075,0.32611973190491333,0.12233401827794223,0.866
0.38039520387656794,1.853350541877554,0.3415320708340215,0.019279802864275258,-0.5087275363785142,-0.1041579514440023,1.064488209491129,-1.3550406776929644,2.901
0.361147847934766,-0.05462913383888071,0.14453444789335412,-0.40871793914414534,-0.2812896507872773,0.018898939158893215,-0.7555665728392228,0.7433321955674049,2.502
-1.206488981646725,-0.9291198185422466,-0.8099958201086952,-0.11813788923234503,1.528736855376316,0.2300751307764756,0.7823091734709187,-0.45359171065987114,0.604
-0.2063082591232692,-1.008618971697098,-0.7677189319697358,0.0037809708943734367,-0.6370921005947804,-0.23299320642373209,-0.943685930186032,0.9186139391571776,2.417
-0.4836904541537636,0.8198615508644851,-0.5406810764906033,-0.03369330870301196,-0.22443017938946808,-0.11689826029333979,-0.7179427013698623,0.643171199230393,2.542
1.1978571577317987,0.42236578509022793,0.31949272876262036,-0.3090501452600264,-0.46392916497417963,-0.021028641992028297,-0.7790814925075756,0.7783885442853623,3.138
-0.5335657552454633,0.42236578509022793,0.38011103180819306,-0.0772844088891548,-0.40276215786441516,-0.011031676759742433,1.8686984621487275,-1.2398555319054003,0.953
-0.7874525402979541,1.0583590103290395,-0.6125119428341589,0.054413787785068314,-0.3433181650394328,-0.029092404428235203,0.9892404665524047,-1.415137275495173,2.33
0.07936026353339592,-0.29312659330343505,-0.4622728834071037,-0.07011012196035689,-0.24682936509163533,-0.17369640420176524,-0.7414576210382151,0.5930907010618905,4.6
-0.2538235301948571,-0.05462913383888071,-0.5477449731286156,-0.049939399982591164,0.09346595615282889,-0.10722474383255474,0.918695707547353,-1.3800809267772156,2.854
0.6563613808949952,0.5018649382450794,-0.6186445945279525,-0.28500065949828,-0.5543874149252397,-0.1512512408715205,-0.9530918980533705,0.8535092915381159,5.0
-0.6304843214047285,-0.5316240527679894,-0.4890236568116167,-0.0403078643047233,0.10121952043434833,-0.021520038089404954,-0.8731411711809769,0.8034287933696135,1.796
0.27115203650116276,0.2633674787805251,-0.02510415768303933,-0.05414360391222683,-0.48374382924917375,-0.04366565828851873,-0.8261113318442779,0.643171199230393,2.387
-0.08442581986237527,-0.5316240527679894,-0.6212490974574248,0.04430258005540651,4.512997596618908,-0.0930107853090005,-0.8402202836452856,0.6081148505124427,3.613
-1.0023201623512599,-1.2471164311616523,-0.480453287994995,0.07117405624531556,0.6232928487233238,-0.05778757805858087,0.7964181252719297,-0.45859976047671713,0.853
-0.14405591170387105,-0.29312659330343505,0.1386295015420859,-0.3170255573458812,-0.7223813076914942,-0.04634366623314155,1.4360239402510715,-0.8742678952753099,1.464
-0.44954868652947694,-0.4521248996131379,-0.07828849380920494,-0.2785536060059223,1.106598355604702,-0.09164579984644582,1.9439462050874483,-1.1246703861178362,1.073
1.1728932846301696,0.5018649382450794,0.17853187983121838,-0.20635825943715297,-0.044375186629738904,-0.05321547170729371,0.8857748200116617,-1.3600487275098176,4.264
-1.007354893060832,0.8198615508644851,0.056539036728829976,-0.11104656657257148,-0.5035584935241678,-0.05640360474018104,-0.6991307656351821,1.1389681310985997,0.89
-0.7956864228125669,1.137858163483891,-0.328265727628377,-0.1335489687314172,0.37000974886035554,-0.10316048274242402,1.4360239402510715,-1.1046381868504382,1.194
-0.24705811080386939,-0.05462913383888071,0.10014224201500194,-0.0694543024925213,-0.05212875091125834,-0.00949993675963174,1.2196866793022436,-0.8342034967405065,1.13
-1.4244508652819556,0.02487001931597073,-0.5641276935754561,0.01448996521331711,-0.3751939293079016,-0.09545839678303852,2.465977421724836,-2.2564896447260576,1.011
-0.9054540413035527,-0.4521248996131379,-0.8648458726633,-0.009224747959870437,0.484590198798365,0.1483363953781185,-0.8778441551146494,0.7984207435527604,1.5
0.5739176655257504,-0.05462913383888071,0.5370329643440519,-0.03216474028498499,-0.5957397577600101,-0.0702347204875587,1.2855284543736263,-1.2198233326380021,1.462
-1.0582266512721348,-0.29312659330343505,-0.35422669562169706,0.02463557684615253,-0.3717479007383374,0.18538707571196344,0.15210932635911853,0.2675674629666035,0.558
-0.8640224031726982,0.2633674787805251,-0.41445724143357526,-0.1453791799224137,0.7611339915058917,-0.08423273976256021,-0.15358462932944475,-0.54874465718003,2.317
0.22332209476022635,0.8993607040193365,-0.08060985689181432,-0.1504317682108109,-0.26664402936662945,-0.01400927033304337,-0.7226456853035316,0.758356345017957,2.516
-0.37192992142357206,1.694352235567851,-0.009413972772757318,0.019015655120567382,-0.524234664941553,-0.08676622553456295,-0.7602695567728954,0.6281470497798479,1.577
-1.4341007658086358,0.02487001931597073,-0.7187555534642504,0.32088131496965727,-0.029729565209091074,-0.02734132352497498,-0.8731411711809769,0.6982597472157485,1.375
-0.5655048281843121,0.5813640913999308,-0.21368549742833376,0.601818537426316,-0.6164159291773952,-0.10248856747534496,-1.3387365806143239,1.164008380182851,2.917
-0.19907083372825923,1.3763556229484453,-0.22071023575228796,-0.5299604724224192,-0.7396114505393152,-0.04867944108636461,0.9939434504860774,-1.2949440798907559,1.295
1.9583112753234355,-0.6111232059228408,0.4576279619450062,-0.13107137946333475,-0.7973324290795155,-0.046653060318470684,0.7729032056035802,-1.2098072330042962,3.478
0.6394216098617469,0.02487001931597073,0.24984878754602474,-0.20360833281473276,-0.7215198005491031,-0.00778339286159592,-0.7179427013698623,0.858517341354969,1.969
-0.32200217522031416,-0.9291198185422466,-0.2397982636944972,-0.41154011856530204,-0.4863283506763469,-0.015815412261620306,0.5518629607210798,-0.0679718747623755,0.814
0.5143924639073705,0.18386832562567362,-0.06849305597443615,-0.11474045095347922,0.32779589888319416,0.02697118897268681,-0.8402202836452856,0.748340245384258,1.946
-0.6927891139356847,0.6608632445547823,-0.3521058453107793,-0.13478137830138134,0.47511362023206344,0.006401035528541498,-0.7273486692372041,0.7383241457505589,2.081
-0.12816504290178374,-1.565113043781058,-0.5296407234540765,0.25396506618619574,-0.824039150493638,-0.19073494586215128,-0.9672008498543815,0.9386461384245757,1.199
0.13940991626735647,-0.7701215122325437,0.140541708613008,-0.10706346550547322,-0.116741786590587,-0.02687424723200784,1.0080524022870883,-0.8993081443595683,2.228
0.11198112292249915,-0.05462913383888071,-0.6006302910368411,-0.22318160821013544,0.0512521061756675,-0.037786082243589994,-0.8072993961095977,0.6131229003292958,2.414
0.5794244022393448,-0.29312659330343505,0.2849617374481851,-0.1512735674078877,-0.13741795800797216,0.03215650517325116,0.7540912698688966,-1.1246703861178362,2.331
0.11407892738482113,0.5813640913999308,0.166067894848737,-0.21491358670690502,-0.40793120071876143,-0.032852191529813606,-0.8355172997116164,0.7082758468494547,2.162
-1.2008249095984562,0.18386832562567362,-0.35429642581182036,-0.2575256975312471,-0.17790879370035145,0.11080760012818715,-0.1253667257274227,0.3026238116845609,0.467
-0.9210302394362918,1.137858163483891,-0.2888329852329862,-0.0914690316725995,-0.3519332364633433,-0.02963466198143943,-0.7508635889055536,0.6081148505124427,1.335
-1.284999313649117,0.5813640913999308,-0.43443720338841324,-0.09104732667092963,0.36139467743644504,0.09940997577723883,1.370182165179689,-0.9493886425280706,0.525
0.8250773047772224,0.10436917247082217,0.32307235031218284,-0.17003602188936995,-0.12794137944167064,0.022668240745585117,-0.8637352033136384,0.7833965941022083,2.232
-0.35729773529887765,0.978859857174188,-0.06570309180324892,-0.03553689161777041,-0.8464383361958052,-0.12420730157766362,1.3795881330470308,-0.9293564432606726,1.317
-0.2758504770492355,0.42236578509022793,-0.34180157891670276,-0.2187806543558854,0.4923437630798844,0.05564884566948667,-0.6756158459668326,0.5780665516113384,2.225
0.0822447446690886,-0.9291198185422466,-0.2939065355622184,0.19820721653925763,-1.125566650330505,-0.1363108294755454,-0.6897247977678436,0.5780665516113384,3.417
0.24277923114826097,-1.2471164311616523,0.2018599148314549,-0.07845486230754611,-0.2967967793503162,0.014454492065744295,-0.8637352033136384,0.8885656402560733,2.314
-0.7297104724725477,-1.0881181248519494,-0.09843625394602423,-0.21323238051353163,1.3581584411828884,-0.10222022321757306,1.6570641851335688,-0.7490666498540468,1.434
0.506840367843012,0.5018649382450794,0.6185382581975833,0.20657577035995586,-0.6164159291773952,0.10448541936809272,-0.8025964121759251,0.6281470497798479,1.528
-0.45311495411542396,-1.2471164311616523,0.30272170716346775,0.2884050851905858,-0.435499429275275,-0.06681712855346486,0.8763688521443233,-0.16312482128254147,1.12
0.8823473665986066,-2.042107962710167,-0.08090358625316516,-0.04617942373005684,0.052113613318058555,-0.1208689431403875,-0.9060620587166681,0.9035897897066255,2.075
0.3204504413657237,0.3428666319353765,-0.1023986650961806,-0.17888383446518477,-0.3364261079003044,-0.12497414746134193,-0.6897247977678436,0.5630424021607863,3.148
-0.10545630959715077,0.10436917247082217,0.37726740433749373,-0.0671916025158529,-0.575925093485016,0.012372885452215284,0.918695707547353,-0.6288734542496367,1.714
-0.0971175368594219,-1.883109656400464,-0.15393000388285802,0.19232740312671978,1.298714448357906,-0.16271758996200436,1.4031030527153803,-0.979436941429175,1.788
-1.2010346900446884,-1.008618971697098,0.19698450045199709,0.24161415338101971,-0.7809637933740855,-0.05902956018938969,1.5253806349908037,-1.5353304710995832,0.735
1.1473000701898441,0.10436917247082217,0.5455503317518515,-0.2714398561677667,-0.25027539366119955,-0.02145808802209664,-0.7931904443085867,0.8234609926370117,2.45
0.4878027923474422,-0.3726257464582865,0.22577740412494832,-0.09796701588898865,-0.23046072938620543,0.02054434963349009,-1.1647261750685292,1.2591613267030097,1.475
-0.1443705823732195,1.2173573166387424,-0.06494473119494053,-0.04487389267403931,-0.041790665202565754,0.03172181526658155,-0.6756158459668326,0.7082758468494547,1.535
0.14156016584123593,-0.2136274401485836,-0.4607461724062747,-0.15745284731330272,1.9224456194490251,0.3749113056507489,-0.8637352033136384,0.8785495406223742,2.223
-0.2154861536459269,1.2173573166387424,0.14233901912172878,0.14247831052951163,-0.7990554433642976,-0.09996654639044718,1.1068150648941588,-1.2298394322717012,1.489
-0.886626246254215,0.42236578509022793,-0.32310167439396587,-0.16842764762580453,-0.5888477006208817,0.2783892828015106,-0.8072993961095977,0.6732194981314973,0.882
-1.1832557972265116,-0.05462913383888071,-0.47238182085511526,0.19154039346374152,-0.5337112435078546,-0.08824088633876324,0.9563195790167135,-0.7240264007697956,1.25
-0.6423369166168463,-0.6111232059228408,0.320570157653565,-0.04990498734455942,0.12964925613325293,-0.03467388491912438,1.4736478117204321,-0.5938171055316864,1.485
-0.9974427669763619,-0.13412828699373217,-0.541800907053177,0.07530943836699175,0.05728265617240484,0.0055355840991513664,-0.8355172997116164,0.8234609926370117,1.181
-0.8027665128729028,0.6608632445547823,-0.33210827931460973,0.1297710430722164,-0.8464383361958052,0.0290184606362936,-0.8261113318442779,1.0037507860436374,1.228
-0.8950174641035021,0.5018649382450794,-0.27988011202388924,0.002041024539744651,1.1160749341710037,0.06441565358601227,-0.8025964121759251,1.1489842307322986,0.869
0.4719643686569126,0.5813640913999308,-0.06573793878657286,-0.20685602393284758,-0.539741793504592,-0.020144589586724375,0.9563195790167135,-1.4351694747625712,2.656
-1.0857078897285497,0.978859857174188,-0.5751195473122841,0.13274968421532532,0.802486334340662,0.1825236746493788,-0.8637352033136384,0.6932516973989025,1.426
0.22012294295518567,-1.008618971697098,-0.48744773972582,0.024084774003534662,1.4856614982567635,-0.05566434686023627,0.8152300610066099,-1.1947830835537439,2.645
0.8470518065200429,0.5018649382450794,0.06851318659738892,-0.23412598349475855,-0.3596868007448627,-0.01911952814197717,-0.8308143157779472,0.6181309501461417,2.859
1.112319180780629,-0.5316240527679894,0.44416965948100756,-0.12366691116438931,3.066527104544338,-0.06866848642578688,1.0174583701544269,-1.2949440798907559,3.71
0.9621688263899493,-0.6906223590776922,0.10138602208333367,-0.02853538235370861,0.7619954986482826,-0.08639236915996538,1.0691911934247984,-1.2348474820885544,2.758
0.6163982058877657,1.2968564697935938,0.3237218185082097,-0.1835278960147553,-0.4165462721426719,-0.0511176165084697,-0.6897247977678436,0.7433321955674049,3.211
-1.1761232620546176,-0.9291198185422466,0.23136744103316048,0.3994441980128911,-0.32005747219487446,0.02928094311328297,0.8011211092055989,-0.7190183509529496,0.715
0.31169210773553074,-0.29312659330343505,0.9683075179467432,0.034757372489239616,-1.0135707218196688,0.05850904894705605,0.5095361053180499,-0.05795577512867644,1.083
-0.7118266894312547,-0.8496206653873951,-0.541080220027208,0.22082122946639643,-0.029729565209091074,-0.1227818034127072,0.627110703659804,-1.2298394322717012,2.326
0.7166732591867458,0.42236578509022793,0.26839827376448333,-0.11130767019281855,0.7266737058102497,0.04743253403449928,-0.8025964121759251,0.7833965941022083,2.051
0.0900590662912371,0.5813640913999308,-0.12947907938659356,-0.13850566384946408,-0.41310024357310776,0.13310392060865933,-0.7837844764412448,0.7383241457505589,1.625
-1.2874642338923448,0.7403623977096337,0.11062264381578125,0.11007477851340983,-0.824900657636029,0.007905818366451722,2.3248879037147328,-1.41012922567832,0.844
0.26412439155238493,-0.05462913383888071,0.38948562786544305,-0.18853466095850294,-0.10468068659711231,0.0059135375755885265,-0.6803188299005019,1.1389681310985997,1.111
0.7113238578078253,-0.8496206653873951,0.711038553266585,-0.10361620135748205,-0.5810941363393622,0.04833479037419089,0.5565659446547523,-1.0144932901471253,2.865
-0.5596309756898112,0.7403623977096337,-0.32135912184862137,-0.04006814259609994,0.6387999772863627,0.029911980599823536,1.0174583701544269,-1.32499237879186,1.417
1.5444144549073529,-0.6906223590776922,0.5283508564112602,-0.2115562688843812,0.5483417273353026,0.008460487450271547,0.7682002216699076,-1.1647347846526468,2.833
1.6889531823613217,-1.4061147374713552,0.9702664880797582,-0.18619873016868738,0.05383662760284065,0.020172545071750262,-0.6991307656351821,0.958678337691981,3.25
0.5794244022393448,-1.9626088095553154,0.3655283268302485,-0.10548989471353307,-0.07280492232864351,-0.03925866230058038,-0.7367546371045426,1.2241049779850595,1.632
0.5448106286110358,-1.1676172780068008,0.38115212618889693,-0.19527965209923343,0.6017551701635476,-0.048495903010327086,0.6929524787311866,-1.0295174395976774,3.35
-0.11563066123941133,-0.8496206653873951,-0.8722140389106287,-0.05408723295051774,-0.48202081496439164,-0.17173986772459365,-0.8167053639769362,0.84850124172127,1.191
0.6246845335139369,1.853350541877554,-0.11117099078919226,-0.22539032317435553,-0.41826928642745403,-0.10947272489523793,1.064488209491129,-1.3600487275098176,2.322
-0.11594533190875957,-0.05462913383888071,-0.5266237704994594,-0.04740390967328468,0.05383662760284065,-0.14199481517049142,0.7917151413382605,-1.1697428344694927,3.326
